Source,Title,Content,Section,URL,Date
La Jornada,Plata dos bronce mexicano Copa Mundial Clavados,"146 día comencar Juegos Olímpicos , clavadista mexicano no bajar ritmo . Copa Mundo continuar poler mayor exigencia , pese tener lugar asegura-dos justo veraniego . así , mentalidad , caer primero medalla Randal Willars dos dupla más brillante tener delegación tricolor .",Sports,https://www.jornada.com.mx/2024/03/03/deportes/a09n2dep?partner=rss,3/3/2024
La Jornada,Sergio Pérez arrancar temporada podio Baréin ; finalizar segundo,"Mexicano Sergio Pérez constatar haber convertir clase pi-loto escudería Fórmula 1 querer tener . peri-cia haber ganar 13 año trayectoria quedar evidenciado podio número 36 lograr ayer arranque temporada 2024 , segundo lugar también alcanzar año pasado Gran Premio Baréin .",Sports,https://www.jornada.com.mx/2024/03/03/deportes/a09n1dep?partner=rss,3/3/2024
La Jornada,Torneo dejar claro Acapulco estar pie : Falla,"Acapulco , Gro. , Abierto Mexicano Tenis "" valer oro "" Acapulco , proclamar director torneo , Álvaro Falla . último día juego certamen , colombiano realizar balance edición 31 dedicado reconstrucción puerto paso arrasador Otis .",Sports,https://www.jornada.com.mx/2024/03/03/deportes/a11n2dep?partner=rss,3/3/2024
La Jornada,"Lista votar , ley salario base deporte","Reforma Ley Federal Trabajo ( LFT ) , fin garantizar derecho laboral deportista profesional , futbolista , luchadora , boxeadora , , ser salario equitativo respecto varón , estabilidad empleo seguridad social , estar listo votar pleno Senado próximo semana .",Sports,https://www.jornada.com.mx/2024/03/03/deportes/a10n3dep?partner=rss,3/3/2024
La Jornada,América humillar 5-1 domicilio Atlas,"Pese fallar penal , América lograr remontar marcador golear 5-1 Atlas , jugar elemento menos segundo tiempo , ayer duelo correspondiente jornada diez torneo Clausura 2024 , efectuado estadio Jalisco .",Sports,https://www.jornada.com.mx/2024/03/03/deportes/a27n2dep?partner=rss,3/3/2024
La Jornada,"Histórico , LeBron lograr 40 mil punto temporada regular","Ángeles . , nuevo hito legendario carrera , LeBron James convertir sábado primero jugador historia NBA llegar 40 mil punto anotado temporada regular .",Sports,https://www.jornada.com.mx/2024/03/03/deportes/a27n3dep?partner=rss,3/3/2024
La Jornada,Santi González quedar subcampeonato,"Acapulco , Gro. , cuento hadas Santiago González Acapulco no tener final feliz . Nueve año después ultimo duelo cetro puerto guerreren , veracruzano disputar nuevamente título doble , desenlace historia ser 2015 : subcampeonato .",Sports,https://www.jornada.com.mx/2024/03/03/deportes/a11n1dep?partner=rss,3/3/2024
La Jornada,Miñaur dominar Abierto Acapulco ser bicampeón,"Acapulco , Gro. , tribuna Arena GNP fin lucir nutrido . diferencia día semana aforo alcanzar 70 ciento capacidad presenciar final single Abierto Mexicano Tenis Alex Miñaur Casper Ruud .",Sports,https://www.jornada.com.mx/2024/03/03/deportes/a27n1dep?partner=rss,3/3/2024
La Jornada,Máquina pitar Azteca,"Dos equipo grande dimensión enfrentar , sensación recorrer amplio espectro ir emoción drama , suspenso euforia placer histeria . partido ser más simple cita estadístico , mucho más escenario repleto estadio Azteca . Cruz Azul hacer ver forma sencillo . golear 3-0 Guadalajara corregir actuación brillante serie deuda perseguir pasado clásico joven .",Sports,https://www.jornada.com.mx/2024/03/03/deportes/a10n1dep?partner=rss,3/3/2024
La Jornada,Edson Álvarez anotar sellir victoria Hammers,"Edson Álvarez continuar brillar Europa . enunciar ser senci-llo , sostener desempeño oscilar siempre margeón buen sobresaliente ser tarea más ardua no sólo mexicano vie-jo continente , carrera futbolista .",Sports,https://www.jornada.com.mx/2024/03/03/deportes/a10n2dep?partner=rss,3/3/2024
La Jornada,Tomar cuenta,"Semana iniciar publicar dato inflación febrero , consumo privado , confianza consumidor , .",Economy,https://www.jornada.com.mx/2024/03/03/economia/015n4eco?partner=rss,3/3/2024
La Jornada,Subasta puro cubano recaudar 19 millón dólar,"Habana. , subasta exclusivo puro cubano , considerado mejor mundo , recaudar más 19 millón dólar , ser donar sistema salud isla , organizador .",Economy,https://www.jornada.com.mx/2024/03/03/economia/015n3eco?partner=rss,3/3/2024
La Jornada,Desacuerdo OMC subvención pesca agro,"Abu Dabi. , reunión ministerial Organización Mundial Comercio ( OMC ) concluir sábado fracaso negociación subvención pesca agricultura , dos tema central conferencia celebrado Abu Dabi , capital Emiratos Árabes Unidos .",Economy,https://www.jornada.com.mx/2024/03/03/economia/015n2eco?partner=rss,3/3/2024
La Jornada,José Antonio Rojas Nieto : marcha economía mexicano : noveno,"Ya tener resultado financiero Pemex 31 diciembre 2023 . día tener auditado . ver cuidado , confirmar señalar hacer día , base reporte 30 septiembre . ¿ tratar ? regresivo tendencia "" traspaleo financiero "" . pasivo largo plazo pasivo corto plazo , resolver no más 18 mes .",Economy,https://www.jornada.com.mx/2024/03/03/economia/014a1eco?partner=rss,3/3/2024
La Jornada,"Auge tecnológico , distinto burbuja empresa "" puntocom "" año 2000","Nuevo nivel máximo acción tecnológico regresar temor alza excesivo riesgo "" estallido burbuja "" , sucedido 2000 llamado "" burbuja puntocom "" . embargo , avance proporcional precio actual ser mucho menor suceder época , concentración mercado ser realmente único riesgo ver , sostener analista bursátil .",Economy,https://www.jornada.com.mx/2024/03/03/economia/014n1eco?partner=rss,3/3/2024
La Jornada,Escuelas privado reponer incremento no aplicar pandemia,"Pandemia , escuela privado ser más cara . todavía no haber acabar recuperar incremento perder pandemia covid- 19 , pandemia haber congelamiento precio ahora estar transfirir incremento costo consumidor .",Economy,https://www.jornada.com.mx/2024/03/03/economia/013n2eco?partner=rss,3/3/2024
La Jornada,Economía China recuperar 2023 : FMI,"Pekín . actividad económico China recuperar 2023 luego reapertura pandemia covid-19 calcular producto interno bruto ( PIB ) real crecer general conforme objetivo autoridad alrededor 5 ciento , indicar junta ejecutivo Fondo Monetario Internacional ( FMI ) .",Economy,https://www.jornada.com.mx/2024/03/03/economia/014n2eco?partner=rss,3/3/2024
La Jornada,Electricidad más barato causar alivio español,"Madrid . precio mercado mayorista eléctrico , denominado "" pool "" , bajar domingo 3.97 euro megavatio hora ( MWh ) medio mantener cero euro prácticamente hora 18 hora , dato provisional Operador Mercado Ibérico Energía ( OMIE ) .",Economy,https://www.jornada.com.mx/2024/03/03/economia/015n1eco?partner=rss,3/3/2024
La Jornada,Migrante aportar 7 bdd PIB EU década,"Washington Nueva York. , presidente Joe Biden Donald Trump competir propuesta frenar flujo inmigrante cruzar frontera Mexico , jefe Reserva Federal ( Fed ) <UNK>e banco central Estados Unidos – Oficina Congreso Presupuesto ( CBO ) –centro análisis oficial no partidista– reportar inmigrante haber ser clave recuperación economico pospandemio proyectar aportar 7 billón dólar crecimiento económico Estados Unidos próximo 10 año .",Economy,https://www.jornada.com.mx/2024/03/03/economia/013n1eco?partner=rss,3/3/2024
La Jornada,Murakami recaudar fondo biblioteca,,Culture,https://www.jornada.com.mx/2024/03/03/cultura/a04n2cul?partner=rss,3/3/2024
La Jornada,Matos presentar hoy Palacio Minería compendio 46 año Proyecto Templo Mayor,"Templo Mayor , centro simbólico imperio mexico , ser yacimiento inagotable sorprender día información novedoso provear , decir arqueólogo Eduardo Matos Moctezuma propósito libro mostrar resultado 46 año investigación sitio ser presentar hoy Feria Internacional Libro Palacio Minería ( FILPM ) .",Culture,https://www.jornada.com.mx/2024/03/03/cultura/a05n2cul?partner=rss,3/3/2024
La Jornada,"Militante 4T ya movilizar causa , no líder : Semo","Cambio conciencia parte movimiento Cuarta Transformación ( 4T ) apenas estar principio , ya dar , opinar historiador economista Enrique Semo . "" militante base estar movilizar , ya no favor presidente líder , causa "" .",Culture,https://www.jornada.com.mx/2024/03/03/cultura/a05n1cul?partner=rss,3/3/2024
La Jornada,Sociólogo registrar libro forma vivir culto Virgen Guadalupe París,"Libro Guadalupanos París , sociólogo Hugo José Suárez , ayudar refutar premisa haber compartir año : "" mexicano ser guadalupano , no ser verdad "" , sostener Roberto Blancarte , investigador Colegio México , presentación dicho ejemplar Feria Internacional Libro Palacio Minería ( FILPM ) .",Culture,https://www.jornada.com.mx/2024/03/03/cultura/a04n1cul?partner=rss,3/3/2024
La Jornada,"Chica buen onda , "" novela angoleño femenino "" herencia colonial","Libro chica buen onda , Yara Nakahanda Monteiro , ser definido autora "" novela angoleño femenino "" , escrito idea contar época , no vivir "" primero persona , también ser : ser heredera historia colonial , consecuencia sistema esclavista guerra civil "" .",Culture,https://www.jornada.com.mx/2024/03/03/cultura/a02n1cul?partner=rss,3/3/2024
La Jornada,Yuriria Iturriaga : no sólo pan ...,"Instituto Formación Política ( INFP ) Morena seguir impartir conferencia interesado contribuir prosecución 4T nuevo gobierno . no incorporar experiencia terreno archivo biblioteca incluir poder ser Quinta Transformación ( 5T ) ; es decir , liberación campesino amar ser campesino , haber deber incorporar clase obrero siglo XIX : reconocimiento , migrante , apto , espejismo moneda poder comprar cosa dañino salud caducable tiempo transformador conciencia reducción papel humano espectador aplaudidor feria vender inútil ( dañino medida ) disfrazado color virtud magia feria . sea , espejismo vez conocimiento útil vida .",Culture,https://www.jornada.com.mx/2024/03/03/opinion/a04o1cul?partner=rss,3/3/2024
La Jornada,"Teatro Campesino "" cambiar vida joven "" , evocar Angélica Aragón","Actriz tener voz privilegiado Angélica Aragón . también apasionar causa social formación público inusual acceso arte escénico tradicional . jugar más necesitado , Angélica Aragón , encontrar fuerza dar voz talento Teatro Campesino Indígena fundado inolvidable María Alicia Martínez Medrano .",Culture,https://www.jornada.com.mx/2024/03/03/cultura/a03n1cul?partner=rss,3/3/2024
Expansión,Opep acordar extender recorte producción final junio,"Medida , nación productora pretender elevar precio materia primo .",Economy,https://expansion.mx/economia/2024/03/03/opep-acuerda-recorte-produccion-finales-junio,3/3/2024
Expansión,Reunión OMC cerrar acuerdo pesca agricultura,"Directora general organismo , Ngozi Okonjo-Iweala , destacar reunión tener lugar "" trasfondo internacional marcado mayor incertidumbre tiempo recordar "" .",Economy,https://expansion.mx/economia/2024/03/02/reunion-de-omc-cierra-sin-acuerdos-en-pesca-y-agricultura,2/3/2024
Expansión,Monte Piedad lograr acuerdo sindicato,Contrato colectivo trabajo ser someter votación trabajador .,Economy,https://expansion.mx/economia/2024/03/01/monte-de-piedad-logra-acuerdo-con-sindicato,2/3/2024
Expansión,"No solo BBVA , NU México presentar falla hoy hacer transferencia",Usuario reportar problema momento querer realizar transferencia .,Economy,https://expansion.mx/economia/2024/03/01/nu-mexico-presenta-fallas-hoy,1/3/2024
Expansión,Ingreso petrolero tributario quedar debajo meta enero,Reportar Hacienda observar crecimiento 28.6/100 gasto programable .,Economy,https://expansion.mx/economia/2024/03/01/ingresos-tributarios-petroleros-no-logran-meta-hacienda,1/3/2024
Expansión,Hacienda reducir subsidio diésel,"Cuota impuesto IEPS ser 6.08 peso litro ; diésel , monto mayor semana terminar viernes , 5.79 peso litro .",Economy,https://expansion.mx/economia/2024/03/01/hacienda-reduce-subsidio-al-diesel-precio-gasolina,1/3/2024
Expansión,Analistas privado reducir expectativa inflación,"2024 , analista consultado Banco México ( Banxico ) esperar inflación cerrar año tasa 4.10/100 , 4.17/100 previo .",Economy,https://expansion.mx/economia/2024/03/01/analistas-privados-reducen-expectativa-de-inflacion,1/3/2024
Expansión,Bbva reportar falla sistema,Banco informar usuario sistema presentar falla especificar sólo ser app también sucursal .,Economy,https://expansion.mx/economia/2024/03/01/bbva-falla-app,1/3/2024
Expansión,Remesa desaceler enero llegar 4.5746 mdd,"Primero mes año , remesa llegar México caer 16.8/100 comparación mes previo .",Economy,https://expansion.mx/economia/2024/03/01/remesas-se-desaceleran-enero-2024,1/3/2024
Expansión,Finamex buscar capitalizar nearshoring,"Principal casa bolsa México pretender aprovechar tendencia , tiempo atraer pequeño inversionista .",Economy,https://expansion.mx/economia/2024/03/01/finamex-aprovechar-nearshoring-mexico,1/3/2024
Expansión,México arrancar año 52 anuncio inversión casi 26.000 mdd,62 anuncio inversión corresponder industria sector manufacturero .,Economy,https://expansion.mx/economia/2024/02/29/mexico-arranca-el-ano-con-52-anuncios-de-inversion-por-casi-26-000-mdd,1/3/2024
Expansión,Trabajadores Monte Piedad votar continuidad huelga,"Caso no llegar acuerdo administración sindicato Monte Piedad semana , trabajador decidir continuar levantar huelga .",Economy,https://expansion.mx/economia/2024/02/29/trabajadores-monte-piedad-votaran-huelga,29/2/2024
Expansión,"17 año , participación económico mujer México haber pasar 43 46/100",Imco apuntar país participación mujer economía tener retraso importante respecto promedio OCDE .,Economy,https://expansion.mx/economia/2024/02/29/participacion-economica-mujer-mexico-aumento-3-en-17-anos,29/2/2024
Expansión,Pensionar 72.623 mexicano tasa reemplazo 72 : Consar,"Enero 2021 diciembre pasado , 63.360 persona haber lograr pensionar gracias reducción semana cotizado .",Economy,https://expansion.mx/economia/2024/02/29/mas-72-623-mexicanos-pensionan-72-ultimo-salario-consar,29/2/2024
Expansión,No mérito propio : Millennials ser generación más rico historia,"Ahora , importante ser gastar invertir grande fortuna heredar país Estados Unidos . cambio generacional riqueza redefinir rumbo negocio .",Economy,https://expansion.mx/economia/2024/02/29/illennials-seran-generacion-mas-rica-historia,29/2/2024
Expansión,Digitalización poner competir fintech banco : Hacienda,"Roberto Lazzeri , Jefe Oficina Secretario Hacienda , señalar llegada empresa tecnología financiero ayudar competencia favor usuario .",Economy,https://expansion.mx/economia/2024/02/29/digitalizacion-pone-a-competir-a-fintech-y-bancos-hacienda,29/2/2024
Expansión,Industria farmacéutico mexicano poder prosperar más nearshoring,"Haber mano obra calificado , costo competitivo infraestructura propiciar nearshoring industria farmacéutico dispositivo médico .",Economy,https://expansion.mx/economia/2024/02/29/industria-farmaceutica-prosperar-nearshoring,29/2/2024
Expansión,"Banco México perfilar "" ajuste fino "" recorte tasa","Subgobernador Jonathan Heath decir ser "" error "" bajar tasa prematuramente haber ganar batalla inflación ; embargo , decir poder haber ajuste .",Economy,https://expansion.mx/economia/2024/02/29/seria-un-error-bajar-tasa-de-interes-jonathan-heath,29/2/2024
Expansión,Inflación EU aumentar enero línea previsto,"Índice precio gasto consumo personal ( PCE ) subir 0.3/100 mes pasado , informar jueves Oficina Análisis Económico Departamento Comercio .",Economy,https://expansion.mx/economia/2024/02/29/inflacion-estados-unidos-enero-2024,29/2/2024
Expansión,"7 cada 10 persona invertir después "" haber ahorrar ""","Carlos Marmolejo , director general Sofipo Finsus , decir GameIf buscar educar manera didáctico usuario incentivar ahorro inversión .",Economy,https://expansion.mx/economia/2024/02/29/finsus-fomentar-ahorro-gameif,29/2/2024
Expansión,Deuda mexicano ir pago pensión,"2024 aprobar techo deuda 1.9 bdp , prever gasto pensión 1500 bdp , 465.000 mdp programa pensión adulto mayor .",Economy,https://expansion.mx/economia/2024/02/29/la-deuda-mexicana-se-va-en-pago-de-pensiones,29/2/2024
Expansión,Impuestos quedar debajo esperado 4 5 año gobierno,México Evalúa advertir bajo generación recurso público renta petrolero . ingreso total quedar debajo meta 2020 2023 .,Economy,https://expansion.mx/economia/2024/02/28/recaudacion-impuestos-gobierno-amlo-debajo-meta,28/2/2024
Expansión,Porcentaje pobreza laboral anotar segundo menor tasa 2008,"Acuerdo Coneval , último trimestre 2023 , entidad menor porcentaje pobreza laboral ser Baja California Sur , Baja California Jalisco .",Economy,https://expansion.mx/economia/2024/02/28/pobreza-laboral-baja-2023-pero-mujeres-son-mas-vulnerables,28/2/2024
Expansión,Banxico reducir pronóstico economía mexicano 2.8/100,Banco México ( Banxico ) pronosticar PIB México crecer menos esperado 2024 mantener pronóstico 2025 .,Economy,https://expansion.mx/economia/2024/02/28/banxico-pronostico-crecimiento-economia-mexicana,28/2/2024
Expansión,Banquero preparar Convención Acapulco pese recuperación desigual,87 Convención Bancaria celebrar Acapulco contar presencia presidente López Obrador tres aspirante presidencia .,Economy,https://expansion.mx/economia/2024/02/28/amlo-candidatos-a-presidencia-en-convencion-bancaria-2024,28/2/2024
Expansión,Crecimiento económico EU cuarto trimestre revisar baja,"Producto Interno Bruto aumentar tasa anualizado 3.2/100 , revisado ligeramente baja ritmo 3.3/100 .",Economy,https://expansion.mx/economia/2024/02/28/crecimiento-economico-eu-cuarto-trimestre-se-revisa-a-la-baja,28/2/2024
Expansión,Hacienda congelar contratación gobierno federal,Disposición aplicar 2 marzo 30 septiembre año ; dinero disponer plaza vacante deber ser devolver ramo Provisiones Salariales Económicas .,Economy,https://expansion.mx/economia/2024/02/28/hacienda-congela-contrataciones-gobierno-federal,28/2/2024
Expansión,Hacienda prever deuda llegar 48.8/100 PIB año,Subsecretario Hacienda señalar país no requerir reforma tributario poder solventar desequilibrio fiscal .,Economy,https://expansion.mx/economia/2024/02/28/hacienda-preve-que-deuda-llegue-a-48-8-del-pib-este-ano,28/2/2024
Expansión,Indrive lanzar división financiero tarjeta crédito préstamo personal,"Alianza firma Galileo , Mastercard , , plataforma movilidad ofrecer crédito 15.000 peso .",Economy,https://expansion.mx/economia/2024/02/28/indrive-money-tarjeta-de-credito,28/2/2024
Expansión,Sat duplicar recaudación fiscalizar operación comercio exterior,"Primero cinco año gobierno , autoridad fiscal haber poner ojo operación internar enviar mercancía extranjero . haber error derivar crédito millonario .",Economy,https://expansion.mx/economia/2024/02/28/sat-fiscalizacion-comercio-exterior,28/2/2024
Expansión,Aranceles acero presionar más EU México,"Guerra arancel acero , Estados Unidos tener perder , declarar Raquel Buenrostro , secretaria Economía .",Economy,https://expansion.mx/economia/2024/02/27/aranceles-acero-estados-unidos-mexico,28/2/2024
Expansión,"Tema energético Estados Unidos ya resolver , asegurar Raquel Buenrostro",Titular Economía explicar tema haber diferencia materia energético -electricidad hidrocarburo - México EU quedar resolver .,Economy,https://expansion.mx/economia/2024/02/27/mexico-eu-resolvieron-conflicto-energetico-buenrostro,28/2/2024
Expansión,"Banco Bienestar superar meta llegar 3,149 sucursal","Dependencia informar 2,750 sucursal ser construir exclusivamente Secretaría Defensa ( Sedena ) .",Economy,https://expansion.mx/economia/2024/02/27/cuantas-sucursales-tiene-banco-bienestar,27/2/2024
Expansión,Cetes 28 día dar descontado recorte Banxico,Cetes corto plazo mantener segundo semana consecutivo tasa 11/100 Cetes dos año bajar nivel más bajo enero .,Economy,https://expansion.mx/economia/2024/02/27/cetes-corto-plazo-mantienen-rendimiento-recorte-tasa-banxico,27/2/2024
Expansión,Ocde ver oportunidad recaudar más impuesto México,"Acuerdo Estudio Económico México , recaudación impuesto representar apenas 16.7/100 producto interno bruto ( PIB ) , mitad promedio país OCDE .",Economy,https://expansion.mx/economia/2024/02/27/la-ocde-ve-oportunidad-para-recaudar-mas-impuestos-en-mexico,27/2/2024
Expansión,¿ ser Luis Niño Rivera ? fundador Banco Azteca,"Banquero haber anunciar retiro Banco Azteca 20 año servicio , ser también juventud clavadista olímpico .",Economy,https://expansion.mx/economia/2024/02/27/quien-es-luis-nino-de-rivera-banco-azteca,27/2/2024
Expansión,Exportación mexicano caer enero,"Primero mes 2024 , venta México extranjero registrar disminución 1.5/100 tasa anual .",Economy,https://expansion.mx/economia/2024/02/27/mexico-balanza-comercial-importaciones-exportaciones-inegi,27/2/2024
Expansión,Alto tasa interés presionar Sofomes Sofipos,"No obtener financiamiento manera banca , temporada alto tasa haber repercutir fondeo institución financiero no bancario ( IFNB ) .",Economy,https://expansion.mx/economia/2024/02/27/las-altas-tasas-de-interes-presionan-a-sofomes-y-sofipos,27/2/2024
Expansión,Stps revisar haber denegación derecho trabajador RV Fresh Foods,"Secretaría Trabajo Previsión Social ( STPS ) verificar negar derecho libertad asociación negociación colectivo compañía ubicado Uruapan , Michoacán .",Economy,https://expansion.mx/economia/2024/02/26/stps-revisara-si-hay-denegacion-de-derechos-a-trabajadores-de-rv-fresh-foods,27/2/2024
Expansión,"Luis Niño Rivera renunciar Banco Azteca , ya tener nuevo director",Presidente miembro Consejo Administración Banco Azteca presentar renuncia ahora Alejandro Valenzuela ocupar puesto ; banco ser dirigir Francisco Rodríguez .,Economy,https://expansion.mx/economia/2024/02/26/luis-nino-de-rivera-renuncia-a-banco-azteca-y-el-banco-tiene-nuevo-director,27/2/2024
Expansión,"Banco digital , ¿ diferencia tener cuenta vs . tradicional ?",Banco estar apostar cuenta digital ser límite depósito reto tener adopción masificación .,Economy,https://expansion.mx/economia/2024/02/26/limite-deposito-al-dia-segun-nivel-cuenta-bancaria,26/2/2024
Expansión,No más cobrar impuesto : SAT triplicar embargo mercancía ilegal,"Sat realizar operativo carretera , visita domiciliario estado República empresa sector , entrar operativo .",Economy,https://expansion.mx/economia/2024/02/26/no-nada-mas-cobra-impuestos-sat-triplica-el-embargo-de-mercancia-ilegal,26/2/2024
Expansión,Citibanamex prever desaceleración remesa 2024,Institución bancario advertir año desaceleración empleo posible recesión economía estadounidense ser causante menor ritmo crecimiento .,Economy,https://expansion.mx/economia/2024/02/26/remesas-mexico-reduciran-ritmo-2024-citibanamex,26/2/2024
Expansión,Omc pedir reformar sistema comercial multilateral,"13ª conferencia ministerial OMC ( MC13 ) , desarrollar jueves Abu Dabi , capital Emiratos Árabes Unidos , ser primero dos año .",Economy,https://expansion.mx/economia/2024/02/26/omc-pide-reformar-sistema-comercial-multilateral,26/2/2024
Expansión,Tasa desocupación descender 2.7/100 cuatro trimestre 2023,"Número persona ser mejor último tres mes año , población ocupado llegar 59.4 millón .",Economy,https://expansion.mx/economia/2024/02/26/inegi-enoe-empleo-desocupacion-informalidad,26/2/2024
Expansión,Gobierno nacionalizar Exportadora Sal,"Compra inversión ser 1,500 millón peso , quedar 100/100 mano mexicano , participación 25/100 Servicio Geológico Mexicano 75/100 Fideicomiso Fomento Minero .",Economy,https://expansion.mx/economia/2024/02/24/nacionalizacion-exportadora-de-sal,25/2/2024
Expansión,Pagar impuesto IEPS litro gasolina,"Cuota IEPS gasolina Premium Magna ser 5.21 peso litro , semana 24 febrero 1 marzo .",Economy,https://expansion.mx/economia/2024/02/23/la-gasolina-premium-va-por-su-novena-semana-sin-subsidio,23/2/2024
Expansión,México presidir Grupo Acción Financiera Internacional,Elisa Anda Madrazo convertir primero mujer ocupar presidencia GAFI más 20 año .,Economy,https://expansion.mx/economia/2024/02/23/mexico-asume-gafi-elisa-de-anda-primera-mujer-mando-20-anos,23/2/2024
Expansión,"Infonavit contar recurso construir vivienda , asegurar Carlos Martínez",Director general instituto decir contar cerca 700.000 millón peso cumplir propuesta reforma presentar presidente 5 febrero .,Economy,https://expansion.mx/economia/2024/02/23/infonavit-recursos-cumplir-iniciativa-reforma-amlo,23/2/2024
Expansión,"Banxico decir contrario , ciclo bajista estar comenzar","Banco central haber mandar mensaje cautela recorte tasa interés , analista asegurar acercar final dinero caro .",Economy,https://expansion.mx/economia/2024/02/23/cuando-bajara-la-tasa-interes-en-mexico,23/2/2024
Expansión,Amazon México querer llevar corazón editorial e-commerce,"Empresa tecnología tener nuevo gerente general país , Pedro Huerta , tener experiencia industria libro , también dispositivo inteligente .",Science and technology,https://expansion.mx/tecnologia/2024/03/01/amazon-mexico-quiere-llevar-su-corazon-editorial-al-e-commerce,1/3/2024
Expansión,Microsoft vender Toys for Bob volver ser estudio independiente,"Estudio afirmar ser oportunidad regresar raíz ser empresa "" pequeño ágil "" .",Science and technology,https://expansion.mx/tecnologia/2024/02/29/microsoft-vende-toys-for-bob-para-volver-a-ser-un-estudio-independiente,29/2/2024
Expansión,Lavadora IA cuestionar forma lavar,Tecnología Bespoke AI Laundry estar enfocado hacer más eficiente uso detergente agua .,Science and technology,https://expansion.mx/tecnologia/2024/02/29/esta-lavadora-ia-samsung-te-dira-si-lavas-bien-tu-ropa,29/2/2024
Expansión,Ps Plus : ser juego gratis llegar marzo 2024,Playstation dar conocer juego gratuito llegar PS Plus marzo 2024 . decir ser partir cuándo estar disponible .,Science and technology,https://expansion.mx/tecnologia/2024/02/29/juegos-gratis-ps-plus-marzo-2024,29/2/2024
Expansión,"No actualizar Max , dejar paso paso","Caso no haber notar cambio necesitar hacer migración manera manual , explicar hacer .",Science and technology,https://expansion.mx/tecnologia/2024/02/28/como-cambiar-hbo-max-a-max,28/2/2024
Expansión,"Adiós , Apple Car ; hola IA generativo","Empresa Cupertino cancelar Proyecto Titán , enfocar desarrollo vehículo eléctrico .",Science and technology,https://expansion.mx/tecnologia/2024/02/28/apple-cancela-proyecto-auto-electrico,28/2/2024
Expansión,Ya poder clonar personalidad IA Generativa,"Rili.ai ser aplicación permitir usuario tener réplica , ya ser través clon laboral asunto personal .",Science and technology,https://expansion.mx/tecnologia/2024/02/28/clones-con-inteligencia-artificial-ya-son-una-realidad,28/2/2024
Expansión,Huawei querer estadio Mundial 2026 tener red 5.5,Compañía asegurar tener capacidad desplegar tecnología generar conexión más rápido recinto concurrido .,Science and technology,https://expansion.mx/tecnologia/2024/02/28/huawei-quiere-que-los-estadios-del-mundial-2026-tengan-red-5-5g,28/2/2024
Expansión,Hackean Sedena Portal empleo ; vender dato usuario,Dato 12 millón mexicano ver afectado vulneración portal empleo .gob.mx .,Science and technology,https://expansion.mx/tecnologia/2024/02/27/hackean-sedena-portal-del-empleo,27/2/2024
Expansión,¿ ser malo dejar laptop conectado tiempo luz ?,"Lapto ser herramienta uso . embargo , persona tender dejar conectado tiempo . decir afectar ordenador .",Science and technology,https://expansion.mx/tecnologia/2024/02/27/es-malo-dejar-mi-laptop-conectada-todo-el-tiempo,27/2/2024
Expansión,"Ia híbrido , así es desbloquear máximo potencial tecnología",Conocer nuevo estándar ser especialista estar buscar desarrollar impacto mundo tecnología .,Science and technology,https://expansion.mx/tecnologia/2024/02/27/que-es-ia-hibrida-como-superara-potencial-de-chatgpt,27/2/2024
Expansión,Sony recortar 900 empleo división PlayStation,Tecnológico japonés unir ola despido estar afectar industria videojuego .,Science and technology,https://expansion.mx/tecnologia/2024/02/27/sony-despido-masivo-cierra-london-studio,27/2/2024
Expansión,Mexicano gustar smartphón chino,"George Zhao , CEO Honor devices , explicar importancia México estrategia negocio través Latinoamérica .",Science and technology,https://expansion.mx/tecnologia/2024/02/27/a-los-mexicanos-les-gustan-los-telefonos-chinos,27/2/2024
Expansión,Warner Bros . Discovery buscar aumentar cuota mercado México Max,Plataforma streaming ahora colocar detrás Netflix preferencia consumo contenido parte mexicano .,Science and technology,https://expansion.mx/tecnologia/2024/02/27/hbo-max-se-convierte-en-max-precio-mexico,27/2/2024
Expansión,Google querer mejor foto IA solo segundo,"Compañía mostrar Mobile World Congress aplicativo mejorar foto , lectura mensaje auto descripción imagen base IA .",Science and technology,https://expansion.mx/tecnologia/2024/02/26/google-android-ia-mwc-2024,27/2/2024
Expansión,"Xiaomi presentar serie 14 , SU7 Max cyberdog MWC","Empresa origen chino presentar novedad feria Barcelona , nuevo serie Xiaomi 14 , lente Leica .",Science and technology,https://expansion.mx/tecnologia/2024/02/26/xiaomi-14-ultra-mwc-2024,26/2/2024
Expansión,Así poder migrar cuenta streaming nuevo cuenta,"Decidir independizar cuenta compartir papás amigo , poder hacer siguiente paso .",Science and technology,https://expansion.mx/tecnologia/2024/02/26/migrar-perfil-netflix-cuenta-nueva,26/2/2024
Expansión,Huawei desarrollar IA Pangu dar batalla Chat GPT,"Gigante tecnológico chino desarrollar IA buscar enfocar servicio industria movilidad , minería , salud clima , contraste Chat GPT ser usuario .",Science and technology,https://expansion.mx/tecnologia/2024/02/26/huawei-desarrolla-su-ia-pangu-para-dar-batalla-a-chat-gpt,26/2/2024
Expansión,"Honor Magic6 Pro , así ser teléfono poder controlar ojo","Función Eye Control teléfono también ser posible encender dispositivo , automóvil eléctrico compatible .",Science and technology,https://expansion.mx/tecnologia/2024/02/25/honor-magic6-pro-lanzamiento-caracteristicas,25/2/2024
Expansión,"Japón ayudar TSMC 4,900 mdd producción chip IA","Empresa , también estar expander EU Alemania , tener previsto iniciar producción masa país asiático antes final año .",Science and technology,https://expansion.mx/tecnologia/2024/02/24/japon-ayudara-a-tsmc-con-4-900-mdd-para-produccion-de-chips-para-ia,24/2/2024
Expansión,"Mario vs Donkey Kong , regreso clásico más joven disfrutar",Nintendo lanzar nuevo versión juego publicado hacer 20 año Game Boy Advance . ¿ edición Nintendo Switch lograr desmarcar crear camino ?,Science and technology,https://expansion.mx/tecnologia/2024/02/24/mario-vs-donkey-kong-el-regreso-de-un-clasico-que-los-mas-jovenes-disfrutaran,24/2/2024
Expansión,Ya poder recargar tarjeta movilidad App CDMX,"Ser usuario transporte público metrópoli capitalino , ya poder recargar tarjeta movilidad aplicación donde hacer trámite gobierno .",Science and technology,https://expansion.mx/tecnologia/2024/02/23/como-recargar-tarjeta-movilidad-integrada-app-cdmx,23/2/2024
Expansión,Contenido red dignificar Drags,"Dos ejemplo haber crecer audiencia ser Turbulence Burrita Burrona más allá nicho comedia , haber lograr hablar tema tabú red social .",Science and technology,https://expansion.mx/tecnologia/2024/02/22/burrita-burrona-turbulance-crear-contenido-dignifique-drags,22/2/2024
Expansión,¿ chofer Vemo no cancelar Uber ?,Unidad movilidad eléctrico desplegar hacer poco más año finalidad reducir huella carbono sector .,Science and technology,https://expansion.mx/tecnologia/2024/02/22/por-que-los-choferes-de-vemo-no-cancelan-viajes-en-uber,22/2/2024
Expansión,Intel Microsoft aliar generar chip personalizado IA,Colaboración empresa marcar movimiento más importante conseguir objetivo mercado .,Science and technology,https://expansion.mx/tecnologia/2024/02/22/intel-y-microsoft-se-alian-para-generar-chips-personalizados-de-ia,22/2/2024
Expansión,México no estar listo reconocimiento facial ético,"Nivel protección dato , país deber actualizar legislación respecto , datar hacer más 10 año .",Science and technology,https://expansion.mx/tecnologia/2024/02/22/mexico-esta-lejos-construir-ciudades-inteligentes-eticas,22/2/2024
Expansión,"Chatgpt estar "" embrujado "" dar respuesta sentido hora","Openai , empresa matriz ChatGPT , no explicar suceder herramienta estrella , además desconocer causa fallar .",Science and technology,https://expansion.mx/tecnologia/2024/02/21/chatgpt-estuvo-embrujado-y-dio-respuestas-sin-sentido-por-horas,21/2/2024
Expansión,"Netflix , videojuego ser centro estrategia largo plazo","Empresa apenas cumplir dos año sector , buscar convertir forma atraer más fanático principal saga .",Science and technology,https://expansion.mx/tecnologia/2024/02/21/por-que-netflix-apuesta-por-los-videojuegos,21/2/2024
Expansión,Nintendo Xbox junto . ser juego Xbox llegar Switch,"Ser resumen principal novedad noticia Nintendo Direct : Partner Showcase : juego anunciado mañana , incluir dos Xbox .",Science and technology,https://expansion.mx/tecnologia/2024/02/21/nintendo-direct-partner-showcase-resumen,21/2/2024
Expansión,Ser red social usuario buscar eliminar más teléfono,"¿ Facebook , Instagram Twitter ? decir red social poder perder más usuario basado búsqueda internet usuario .",Science and technology,https://expansion.mx/tecnologia/2024/02/20/instagram-es-la-red-social-mas-desinstalada-en-el-mundo,20/2/2024
Expansión,"Mexicano , computadora deber ser barato portátil","Tendencia mexicano respecto laptops ser cumplir característica , ahora marca buscar atraer través componente .",Science and technology,https://expansion.mx/tecnologia/2024/02/20/que-computadoras-prefieren-comprar-mexicanos,20/2/2024
Expansión,"Reseña : Suicide Squad Kill the Justice League : buen juego , deuda","Nuevo videojuego Rocksteady -creador saga Batman : Arkham- ofrecer tipo experiencia , ahora licencia Suicide Squad , embargo fan no aceptar propuesta .",Science and technology,https://expansion.mx/tecnologia/2024/02/19/resena-suicide-squad-kill-the-justice-league,19/2/2024
Expansión,Regular IA necesitar controlar venta hardware,"Especialista proponer GPU , ser clave más importante desarrollar Inteligencia Artificial , poder funcionar mecanismo regulación .",Science and technology,https://expansion.mx/tecnologia/2024/02/19/para-regular-la-ia-se-necesita-controlar-la-venta-de-hardware,19/2/2024
Expansión,¿ necesitar ser jugador profesional Street Fighter ?,"Circuito competitivo juego pelea tener largo tradición México , ahora parecer estar más vivo nunca .",Science and technology,https://expansion.mx/tecnologia/2024/02/19/que-se-necesita-para-ser-jugador-profesional-street-fighter,19/2/2024
La Jornada,Johan Vásquez anotar Inter,"Johan Vásquez ( derecha ) anotar primero gol temporada partido equipo , Génova , perder frente Inter Milán . imagen disputar balón argentino Lautaro Martínez .",Sports,https://www.jornada.com.mx/2024/03/05/deportes/a11n3dep?partner=rss,5/3/2024
La Jornada,Conflicto Red Bull poner riesgo permanencia Verstappen,"Conflicto Red Bull poder desencadenar partida Max Verstappen , vigente tricampeón Fórmula Uno . situación atravesar director Christian Horner , acusado supuesto "" conducta inapropiado "" empleada , haber generar ambiente intranquilidad alrededor escudería austriaco . victoria Verstappen , segundo lugar Sergio Pérez arranque temporada calmar turbulencia .",Sports,https://www.jornada.com.mx/2024/03/05/deportes/a11n2dep?partner=rss,5/3/2024
La Jornada,Tuzas imponer 2-0 Puebla,"Pachuca femenil alcanzar ayer subliderato Liga Mx , tiempo Monterrey Chivas golear cierre jornada nueve . pese baja , Tuzas obtener victoria cómodo Puebla ( 2-0 ) . Chinwendu Ihezuo Destinne Manzo anotar hidalguense llegar 20 unidad , punto arriba Monterrey , Sultana Norte , apalear Santos ( 6-0 ) , equipo ya sumar 42 gol contra . estadio Akron , Chivas superar Necaxa ( 4-0 ) juego definir primero 20 minuto tanto Dana Sandoval , Carolina Jaramillo autogol Brissa Range .",Sports,https://www.jornada.com.mx/2024/03/05/deportes/a31n1dep?partner=rss,5/3/2024
La Jornada,Broncos liberar mariscal Russell Wilson,"Englewood . Broncos Denver comunicar Russell Wilson dejar libertad próximo semana , 18 mes firmar mariscal campo ganador Supertazón extensión contrato cinco año 242 millón dólar . potencial destino Wilson ser Pittsburgh , tener programado calendario visita Denver próximo día . salida Russell , franquicia deber absorber golpe 89 millón dólar dinero muerto próximo dos temporada . mando entrenador Sean Payton , Wilson tener temporada buen , no ser suficiente Payton mandar banca lugar Jarrett Stidham dos partido anterior . Broncos cerrar calendario 8-9 , octavo campaña fila llegar playoffs . Wilson ser adquirir 2022 proveniente Halcones Marinos Seattle , donde coronar 2013 .",Sports,https://www.jornada.com.mx/2024/03/05/deportes/a31n2dep?partner=rss,5/3/2024
La Jornada,"Cultura extravagancia París , cartel Olímpicos","París . color vibrante sitio emblemático iluminar cartel Juegos Olímpicos París , estilo art déco inspirado pasado extravagante ciudad .",Sports,https://www.jornada.com.mx/2024/03/05/deportes/a11n1dep?partner=rss,5/3/2024
La Jornada,Willars afinar salto más difícil mundo París 2024,Randal Willars tener as manga cara presentación Juegos Olímpicos París 2024 : salto mayor grado dificultad realizar mundo .,Sports,https://www.jornada.com.mx/2024/03/05/deportes/a12n1dep?partner=rss,5/3/2024
La Jornada,"Indian Wells , próximo objetivo tenista Santiago González","Indian Wells , primero Masters 1000 temporada , ser próximo objetivo Santiago González , subcampeón Abierto Mexicano Tenis .",Sports,https://www.jornada.com.mx/2024/03/05/deportes/a12n2dep?partner=rss,5/3/2024
La Jornada,"Liga Expansión Mx , año más ascenso","Federación Mexicana Futbol ( FMF ) , regreso ascenso descenso primero división ser tema seguir cerrado . hacer temporada , club Liga Expansión haber salir expresar contra medida tomado 2020 , máxima autoridad mantener condición abrir competencia deportivo . significar menos cuatro franquicia deber estar certificado Temporada 2024-25 , sólo , Atlante , haber poder acreditar requisito .",Sports,https://www.jornada.com.mx/2024/03/05/deportes/a10n1dep?partner=rss,5/3/2024
La Jornada,Goleer América celeste hundir,"Visita América estadio Nemesio Díez terminar pesadilla . poder salvar actual subcampeonas goleada 3-0 Toluca , rival dominar notable consistencia ataque sumar tercero triunfo nueve fecha Liga Mx Femenil .",Sports,https://www.jornada.com.mx/2024/03/05/deportes/a10n2dep?partner=rss,5/3/2024
La Jornada,Incrementar casi 44/100 deuda Pemex proveedor contratista,"Petróleos Mexicanos ( Pemex ) reportar aumento casi 44 ciento deuda proveedor contratista , ascender 139 mil 115 millón peso cierre febrero , comparación octubre .",Economy,https://www.jornada.com.mx/2024/03/05/economia/019n2eco?partner=rss,5/3/2024
La Jornada,Avance precedente inversión productivo México : Inegi,"Inversión construcción , maquinaria bien duradero crecer año pasado nivel precedente , revelar Instituto Nacional Estadística Geografía ( Inegi ) . avance ser 19.7 ciento , impulsado construcción no residencial , incluir obra público . consumo , pilar demanda nacional , también alcanzar nuevo récord , crecer 4.39 ciento año pasado , debido mayor compra bien importado .",Economy,https://www.jornada.com.mx/2024/03/05/economia/016n1eco?partner=rss,5/3/2024
La Jornada,Enrique Galván Ochoa : dinero,"Tema central campaña presidencial ser seguridad . haber lograr avance , número homicidio seguir ser mucho alto , tal vez mayor problema ser extorsión . pago piso ser azote negocio , grande pequeño , inclusive haber extender servicio taxista . haber comunidad variedad hampa tener control . candidata presentar trazo general plan . Claudia Sheinbaum anunciar estrategia integrar cinco eje : 1 ) Atención causa delincuencia . 2 ) consolidación Guardia Nacional . 3 ) fortalecimiento inteligencia investigación . 4 ) Coordinación policía , fiscalía estatal Fiscalía General República , 5 ) Reforma Poder Judicial . Sheinbaum ufanar bajar índice delincuencia ser jefa gobierno Ciudad México , apoyo jefe Seguridad , Omar García Harfuch . dos punto parecer complicado : Fiscalía General República ser ente autónomo , ser necesario convencer Alejandro Gertz Manero aceptar esquema coordinación colega estatal corporación policiaco . punto ser carácter político : reforma Poder Judicial depender resultado Morena aliado ganar mayoría calificado Congreso fin reformar Constitución .",Economy,https://www.jornada.com.mx/2024/03/05/opinion/006o1eco?partner=rss,5/3/2024
La Jornada,Proponer derecho laboral chofer aplicación Brasil,"Brasilia . presidente brasileño , Luiz Inácio Lula dar Silva , remitir lunes Congreso proyecto ley regular derecho laboral trabajador aplicación transporte pasajero país , incluir exigencia pago salario mínimo .",Economy,https://www.jornada.com.mx/2024/03/05/economia/017n2eco?partner=rss,5/3/2024
La Jornada,Dólar volver ubicar debajo $17,"Peso mexicano romper lunes piso sicólogo 17 unidad dólar spot . divisa mexicano apreciar estadunidense 0.36 ciento , equivalente 6.13 centavo , cerrar 169619 unidad dólar mercado interbancario ( menudeo ) , primero cierre debajo 17 peso 15 enero .",Economy,https://www.jornada.com.mx/2024/03/05/economia/019n3eco?partner=rss,5/3/2024
La Jornada,"Carlos Fernández-Vega : México , SA","Lástima : Ricardo Salinas Pliego ya no funcionar campaña sucio corifeo mediático incluido nómina ( prestar tipo bajeza ) obtener canonjía quitar encima obligación legal , suerte , mucho retorzar , gritir chantajear , tener pagar impuesto adeudar hacer alrededor dos década , periodo dos gobierno panista priísta permitir tipo tropelía barón – , disgusto topar pared nuevo administración .",Economy,https://www.jornada.com.mx/2024/03/05/opinion/018o1eco?partner=rss,5/3/2024
La Jornada,Disminuir ritmo crecimiento,"Economía mexicano bajar ritmo crecimiento recta final año pasado tendencia mantener inicio segundo trimestre 2024 , señalar Sistema Indicadores Compuestos : Coincidente Adelantado , calcular Instituto Nacional Estadística Geografía ( Inegi ) . precisar indicador adelantar , sugerir comportamiento economía corto plazo , posicionar arriba tendencia largo plazo , presentar valor 100.2 punto octubre , equivaler caída 0.10 punto respecto septiembre , ser tercero retroceso consecutivo . ritmo caída indicador adelantar empezar acelerar , prever corto plazo actividad productivo país seguir crecer , tasa menor . no obstante , consecuencia mejora indicador confianza empresarial , momento adecuado invertir tipo cambio , economía mantener ruta crecimiento .",Economy,https://www.jornada.com.mx/2024/03/05/economia/016n3eco?partner=rss,5/3/2024
La Jornada,Ex directivo Twitter exigir más 128 mdd,"San Francisco. , cuatro ex directivo Twitter ( hoy x ) demandar lunes Elon Musk , acusar haber despedir "" negligencia grave "" "" falta intencional "" no indemnizar . documento judicial , querellante reclamar más 128 millón dólar Musk , comprar Twitter 44 mil millón dólar fin 2022 día tomar posesión echar ex presidente Parag Agrawal , director financiero , Ned Segal , director jurídico legal Vijaya Gadde Sean Edgett .",Economy,https://www.jornada.com.mx/2024/03/05/economia/019n6eco?partner=rss,5/3/2024
La Jornada,Bm : disminuir brecha género aumentar 20 PIB mundial,"Brecha género mujer lugar trabajo ser mucho más amplio pensar . cerrar , señalar Banco Mundial ( BM ) , poder aumentar producto interno bruto global más 20 ciento .",Economy,https://www.jornada.com.mx/2024/03/05/economia/017n1eco?partner=rss,5/3/2024
La Jornada,Ventas automóvil tener mejor primero bimestre 2017,"Industria automotriz México vender 225 mil 357 vehículo ligero mercado interno primero bimestre 2024 , mejor cifra periodo 2017 , cuando comercializar 241 mil 640 unidad dato Instituto Nacional Estadística Geografía ( Inegi ) .",Economy,https://www.jornada.com.mx/2024/03/05/economia/019n1eco?partner=rss,5/3/2024
La Jornada,"Cerca , victoria control inflación : BPI","Londres . banco central estar cerca controlar inflación mundial , afirmar Banco Pagos Internacionales ( BPI ) . haber motivo "" optimismo prudente "" , más reciente informe trimestral BPI , realizar reunión periódico puerta cerrada principal responsable política monetario mundo . "" banco central haber tomar medida decisivo evitar inflación consolidar –dijo prensa Claudio Borio , jefe Departamento Monetario Económico BPI – . "" tiempo , actividad económico haber mostrar notablemente resistente sistema financiero haber aguantar bien "" . BPI haber mostrar vez más esperanzado . final año pasado , señalar avance inflación haber ser alentador , subrayar banco central no estar fuera peligro .",Economy,https://www.jornada.com.mx/2024/03/05/economia/019n4eco?partner=rss,5/3/2024
La Jornada,Cartera vencido hogar alcanzar nivel máximo enero,"Marcado cuesta enero alto tasa interés , saldo cartera vencido préstamo otorgar banco hogar mexicano situar 79 mil 693 millón peso primero mes 2024 , incremento 21.6 ciento término nominal 16 ciento real respecto 65 mil 553 millón reportado periodo comparable 2023 , mostrar dato Banco México ( BdeM ) .",Economy,https://www.jornada.com.mx/2024/03/05/economia/016n2eco?partner=rss,5/3/2024
La Jornada,Bitcóin cotizar arriba 65 mil dólar,"Londres . bitcóin alcanzar lunes nivel más alto dos año , superar 65 mil dólar , oleada dinero acercar nivel récord . precio alcanzar máximo sesión 65 mil 537 dólar primero hora mañana Europa , tocar nuevo máximo dos año operación asiático . último cotización ganar 4 ciento , llegar 65 mil 45 dólar . bitcóin marcar récord 68 mil 999.99 dólar noviembre 2021 . mayor criptodivisa valor mercado haber ganar 50 ciento año mayor parte alza haber producir último semana , haber disparar entrada fondo bitcóin cotizado Estados Unidos .",Economy,https://www.jornada.com.mx/2024/03/05/economia/019n5eco?partner=rss,5/3/2024
La Jornada,China volver fijar 5/100 meta crecimiento,"Pekín . China fijar meta crecimiento económico alrededor 5 ciento 2024 , similar año pasado línea expectativa analista , informe oficial .",Economy,https://www.jornada.com.mx/2024/03/05/economia/017n3eco?partner=rss,5/3/2024
La Jornada,Incrementar 500/100 compra fertilizante Rusia,"Luego cerrar año nivel histórico , México comenzar año importar menos fertilizante ; embargo , enero Rusia aumentar más 500 ciento envío abono país , volver ser principal proveedor .",Economy,https://www.jornada.com.mx/2024/03/05/economia/018n1eco?partner=rss,5/3/2024
La Jornada,Haber reducir fraude gracias IA : Citibanamex,"Uso sistema inteligencia artificial , intento fraude contra cliente Citibanamex , banco mayor presencia país , haber disminuir 70 ciento , dar conocer Rosario Valdivia , directora tecnología institución financiero .",Economy,https://www.jornada.com.mx/2024/03/05/economia/018n2eco?partner=rss,5/3/2024
La Jornada,Miguel Pineda : negocio empresa,"China dominar producción automóvil siguiente década provocar guerra comercial , tecnológico política nivel global .",Economy,https://www.jornada.com.mx/2024/03/05/opinion/017o1eco?partner=rss,5/3/2024
La Jornada,"Descubrir astrolabio siglo XI ser usar musulmán , judío cristiano",Madrid . raro astrolabio islámico siglo XI inscripción árabe hebreo origen situar Toledo ser descubrir museo italiano experta Universidad Cambridge .,Science and technology,https://www.jornada.com.mx/2024/03/05/ciencias/a06n2cie?partner=rss,5/3/2024
La Jornada,""" racismo discriminación dificultar presencia mujer indígena ciencia ""","Racismo , pobreza , desaparición lengua desplazamiento ser cuatro factor dificultar presencia indígena ciencia México . panorama complicar todavía más mujer , además discriminación racial deber enfrentar género , considerar investigadora indígena .",Science and technology,https://www.jornada.com.mx/2024/03/05/ciencias/a05n1cie?partner=rss,5/3/2024
La Jornada,Jorge Veraza Urtusuástegui analizar inteligencia artificial enfoque marxista,"Existir percepción inteligencia artificial ( IA ) poder solucionar problema explotación laboral facilitar vida persona , "" ser tecnología utilizado forma capitalista , más bien usar perfeccionar explotación sobrexplotación clase obrero "" , considerar Jorge Veraza Urtuzuástegui presentación libro Karl Marx , inteligencia artificial gobierno despótico producción ( 200 año nacimiento pensador revolución comunista ) .",Science and technology,https://www.jornada.com.mx/2024/03/05/ciencias/a06n1cie?partner=rss,5/3/2024
La Jornada,"Actuar Bellas Artes Bryn Terfel , destacado cantante wagneriano","Reconocido bajo barítono galé Bryn Terfel presentar primero vez México Palacio Bellas Artes , parte celebración 90 aniversario recinto cultural , cumplir 29 septiembre .",Culture,https://www.jornada.com.mx/2024/03/05/cultura/a04n2cul?partner=rss,5/3/2024
La Jornada,Devolver Suiza México lote 24 pieza prehispánico,"Embajada México Suiza recibir lote 24 pieza prehispánico pertenecer patrimonio cultural país , acuerdo dictamen Instituto Nacional Antropología Historia ( INAH ) .",Culture,https://www.jornada.com.mx/2024/03/05/cultura/a03n3cul?partner=rss,5/3/2024
La Jornada,Ahondar reflexión gordura ángulo cultural,"Gordura ser mayor estigma . ahondar tema perspectiva arte cultura , así social salud , realizar tercero Jornada Supurando Heridas Habitar Estrías , organizado Centro Artes Oficios ( CAO ) Escuelita Emiliano Zapata Pedregal Santo Domingo , activista Fat Alista Museo Universitario Arte Contemporáneo ( MUAC ) .",Culture,https://www.jornada.com.mx/2024/03/05/cultura/a04n3cul?partner=rss,5/3/2024
La Jornada,Fallecer bailarina buto Natsu Nakajima CDMX,"Bailarina coreógrafa japonés Natsu Nakajima , discípula Kazuo Ohno Tatsumi Hijikata , morir domingo pasado 80 año Ciudad México , informar Dirección Danza Universidad Nacional Autónoma México ( UNAM ) . 18 marzo cumplir 81 año .",Culture,https://www.jornada.com.mx/2024/03/05/cultura/a04n1cul?partner=rss,5/3/2024
La Jornada,Mundo festejar Gabo publicación novela póstumo agosto ver,"Hacer 97 año , 6 marzo , nacer escritor periodista colombiano Gabriel García Márquez , artífice realismo mágico , poner América Latina imaginario millón lector solo palabra : Macondo .",Culture,https://www.jornada.com.mx/2024/03/05/cultura/a02n1cul?partner=rss,5/3/2024
La Jornada,"Feria Minería llegar "" periodo recuperación ""","Edición 45 Feria Internacional Libro Palacio Minería ( FILPM ) concluir asistencia 111 mil 239 visitante presupuesto 12 millón peso , informar director , Fernando Macotela . agregar estar llegar "" curva ascendente "" reforzar serie adecuación .",Culture,https://www.jornada.com.mx/2024/03/05/cultura/a03n2cul?partner=rss,5/3/2024
La Jornada,""" decidir no destruir ; lector celebrar , tal vez Gabo perdonar ""","Madrid . poco antes morir , Gabriel García Márquez sentenciar historia haber estar trabajar último año vida : "" libro no servir . haber destruir "" . hablar agosto ver , novela inédito finalmente ver luz presentar martes Instituto Cervantes Madrid , acto tener repercusión mundial través nuevo tecnología , , , enorme interés seguir suscitar obra figura Gabo .",Culture,https://www.jornada.com.mx/2024/03/05/cultura/a03n1cul?partner=rss,5/3/2024
Expansión,Cetes 28 día sumar tres semana consecutivo rendimiento 11/100,"Reportar trimestral Banco México ( Banxico ) , Junta Gobierno dejar ver haber ajuste tasa marzo , rendimiento instrumento ajustar .",Economy,https://expansion.mx/economia/2024/03/05/cetes-ajustan-rendimientos-11,5/3/2024
Expansión,"Crear 156.403 empleo febrero , cuarto cifra más alto mes","Generación empleo , considerar primero dos mes año , ser 265.424 puesto .",Economy,https://expansion.mx/economia/2024/03/05/se-crean-156-403-empleos-en-febrero-imss,5/3/2024
Expansión,"Mujeres pobre campo , más afectado cambio climático : FAO","Medio rural mujer asumir mucho más tarea doméstico cuidado persona , limitar oportunidad estudio empleo , señalar organización informe .",Economy,https://expansion.mx/economia/2024/03/05/cambio-climatico-los-mas-afectados-mujeres-y-pobres-en-campo,5/3/2024
Expansión,¿ presentar declaración anual persona moral ?,Sat contar guía presentar informe anual empresa pago Impuesto Renta ( ISR ) .,Economy,https://expansion.mx/economia/2024/03/05/declaracion-anual-de-personas-morales-2023,5/3/2024
Expansión,Jeff Bezos desbancar Elon Musk máximo multimillonario mundo,"Índice multimillonario agencia Bloomberg , fortuna Bezos ascender 200.000 mdd , superar 198.000 mdd dueño Tesla .",Economy,https://expansion.mx/economia/2024/03/05/jeff-bezos-supera-elon-musk-hombre-mas-rico-del-mundo,5/3/2024
Expansión,China fijar objetivo crecimiento económico 5/100 2024,"Objetivo ir línea expansión PIB año pasado , 5.2/100 , situar lejos dinámico ritmo crecimiento economía chino año 1990 2000 .",Economy,https://expansion.mx/economia/2024/03/05/objetivo-de-crecimiento-economico-china-2024,5/3/2024
Expansión,Aseguradora pagar 920 mdp daño embarcación Otis,"Casi cinco mes paso huracán , aseguradora haber indemnizar más 200 embarcación costo promedio individual 4.3 millón peso .",Economy,https://expansion.mx/economia/2024/03/05/aseguradoras-indemnizan-211-barcos-por-920-mdp-tras-otis,5/3/2024
Expansión,Mujer ganar 7.7 dólar 10 recibir hombre mundo,"Mujer mundo acceder solo 64/100 protección legal amparar hombre , informar Banco Mundial .",Economy,https://expansion.mx/economia/2024/03/04/mujeres-ganan-menos-que-hombres,4/3/2024
Expansión,"Consumo privado avanzar 0.2/100 diciembre , desaceler paso","Acuerdo analista , incremento ser más estimado Indicador Oportuno Consumo Privado .",Economy,https://expansion.mx/economia/2024/03/04/consumo-privado-avanza-0-2-en-diciembre-desacelera-paso,4/3/2024
Expansión,Gasolina Premium sumar cuatro mes subsidio,"Noviembre , combustible no haber gozar estímulo fiscal , diferencia Magna diésel .",Economy,https://expansion.mx/economia/2024/03/04/gasolina-premium-suma-cuatro-meses-sin-subsidio,4/3/2024
Expansión,¿ restablecer cuenta Instagram correo número teléfono ?,Así poder restablecer cuenta Instagram olvidastar contraseña . enseñar recuperar correo número celular .,Science and technology,https://expansion.mx/tecnologia/2024/03/05/como-restablecer-cuenta-instagram,5/3/2024
Expansión,Verificación dos paso Facebook Instagram : activar,No robir cuenta existir opción activar segundo capa seguridad . hazlo pasar paso .,Science and technology,https://expansion.mx/tecnologia/2024/03/05/verificacion-dos-pasos-facebook-instagram-como-activar,5/3/2024
Expansión,Así poder restablecer contraseña Facebook,Facebook señalar existir opción recuperación contraseña evitar pérdida información .,Science and technology,https://expansion.mx/tecnologia/2024/03/05/como-recuperar-contrasena-de-facebook,5/3/2024
Expansión,Caer Facebook nivel mundial ; reportar sesión caducar Instagram fallar,"Usuario reportar sesión aplicación cerrar manera repentino , carga Instagram ser lento .",Science and technology,https://expansion.mx/tecnologia/2024/03/05/se-cayo-facebook-instagram-que-paso,5/3/2024
Expansión,Ericsson querer construir red privado Tesla Nuevo León,Compañía sueco haber ser encargada crear red privado compañía Elon Musk planta Alemania Estados Unidos .,Science and technology,https://expansion.mx/tecnologia/2024/03/05/ericsson-red-privada-planta-de-tesla-en-nuevo-leon-mexico,5/3/2024
Expansión,"X activar llamada , acceder dato . así poder bloquear función","Nuevo funcionalidad plataforma filtrar dirección IP usuario , poner riesgo seguridad línea .",Science and technology,https://expansion.mx/tecnologia/2024/03/05/ip-expuesta-llamadas-x-como-evitarlo,5/3/2024
Expansión,Whatsapp vencer NSO Group tener acceso código Pegasus,"Jueza Estados Unidos ordenar empresa israelí dar acceso WhatsApp software , luego haber espiar 1,400 usuario dos semana .",Science and technology,https://expansion.mx/tecnologia/2024/03/04/whatsapp-gana-nso-group-acceso-a-pegasus,4/3/2024
Expansión,"Ue golpear 1,950 mdd Apple abusar mercado música streaming","Acuerdo Comisión Europea , Apple prohibir desarrollador informar servicio alternativo más barato fuera App Store .",Science and technology,https://expansion.mx/tecnologia/2024/03/04/ue-multa-apple-abusar-mercado-musica-streaming,4/3/2024
Expansión,Trebel Music triunfar premio Google Play Best Of,"Best App , Daily Essentials User’s Choice , ser tres categoría reconocer aplicación música",Science and technology,https://expansion.mx/tendencias/2024/03/03/trebel-music-triunfa-en-google-play-best-of,4/3/2024
La Jornada,Lozano querer primero título Tri Liga Naciones Concacaf,"Selección mexicano tener cuenta pendiente Liga Naciones Concacaf . disputar primero vez 2019 , Tricolor haber quedar deriva . ser título seguir exhibir vitrina . Gerardo Martino Diego Cocca poder ganar entrenador . situación poder cambiar Jaime Lozano 21 marzo México enfrentar Panamá pase final .",Sports,https://www.jornada.com.mx/2024/03/06/deportes/a11n3dep?partner=rss,6/3/2024
La Jornada,Jáquez aportar 11 punto triunfo Heat,Miami . mexicano Jaime Jáquez Jr . finalizar 11 punto triunfo Heat Miami ( 118-110 ) Pistones Detroit .,Sports,https://www.jornada.com.mx/2024/03/06/deportes/a30n3dep?partner=rss,6/3/2024
La Jornada,"Selección femenil , partido memorable Brasil Copa Oro","Mente español Pedro López , técnico selección mexicano femenil , no existir escenario más final título Copa Oro W . llegar ahí , jugadora deber salir victorioso Brasil , potencia mundial categoría rival semifinal torneo . ambiente ser inmejorable concentración mexicano . luego avanzar Paraguay fase anterior , López considerar estar frente mayor prueba demostrar crecimiento no ser obra casualidad .",Sports,https://www.jornada.com.mx/2024/03/06/deportes/a11n2dep?partner=rss,6/3/2024
La Jornada,Charros femenil tomar delantero serie semifinal,"Diablos Rojos perder primero duelo semifinal Liga Mexicana Softbol femenil . Charros Jalisco pegar 6-3 escarlata , poner 1-0 .",Sports,https://www.jornada.com.mx/2024/03/06/deportes/a30n2dep?partner=rss,6/3/2024
La Jornada,Tigres Pachuca rescatar empate octavo final Liga Campeones,Definir dentro semana Liga Campeones Concacaf .,Sports,https://www.jornada.com.mx/2024/03/06/deportes/a30n1dep?partner=rss,6/3/2024
La Jornada,Mbappé comandar PSG cuarto final Champions,"San Sebastián . Kylian Mbappé no ir extrañar París Saint-Germain decidir partir club . parisino , cambio , sí echar menos francés no estar liquidar partido definitorio , suscitar ayer Champions Real Sociedad ( 2-1 ) .",Sports,https://www.jornada.com.mx/2024/03/06/deportes/a11n1dep?partner=rss,6/3/2024
La Jornada,"Máximo seguridad , atleta desfilar barco Sena","París . total 180 barco , 94 transportar deportista , desfilar río Sena París parte ceremonia inauguración Juegos Olímpicos 2024 , 26 julio , detallar prefecto región Ile-de-France , Marc Guillaume .",Sports,https://www.jornada.com.mx/2024/03/06/deportes/a12n1dep?partner=rss,6/3/2024
La Jornada,"Inspirado mujer , Agúndez anhelar hacer historia JO","Pasado 26 febrero , Gabriela Agúndez fin respirar alivio . convertir manera oficial seleccionado olímpico quitar peso encima clavadista , partir entonces desechar inquietud mente concentrar lleno preparación .",Sports,https://www.jornada.com.mx/2024/03/06/deportes/a12n2dep?partner=rss,6/3/2024
La Jornada,Senador aprobar iniciativa igualdad salarial deporte,"Unanimidad , Senado República aprobar ayer reforma Ley Federal Trabajo ( LFT ) encaminado avanzar igualdad salarial deporte profesional , establecimiento salario base hombre muje-r respeto pleno derecho laboral futbolista , boxeado-ra , luchadora integrante disciplina , no poder ser discriminar hostigar .",Sports,https://www.jornada.com.mx/2024/03/06/deportes/a10n1dep?partner=rss,6/3/2024
La Jornada,"Futbolista varonil ganar 5 mdd anual , jugadora 12 mil mensual","Futbol profesional existir amplio brecha salarial hombre mujer . acuerdo sitio especializado Salary Sport , delantero francés Tigres , André-Pierre Gignac , percibir alrededor 5 millón dólar anual , sueldo promedio jugadora Liga Mx Femenil ser 8 mil 12 mil peso mensual . excepción , mayoría aún deber pagar renta , comida nutriólogo profesional falta respaldo cabal club . Comisión Federal Competencia Económica sancionar 2021 FMF promover brecha salarial género .",Sports,https://www.jornada.com.mx/2024/03/06/deportes/a10n2dep?partner=rss,6/3/2024
La Jornada,""" problema técnico "" causar caída Facebook Instagram : Meta",""" problema técnico "" provocar caída mundial Facebook Instagram primero hora ayer , confirmar directivo Meta , conglomerado empresa tecnología pertenecer ambos red social .",Economy,https://www.jornada.com.mx/2024/03/06/economia/019n2eco?partner=rss,6/3/2024
La Jornada,Ir descenso fuerza laboral partir 2044,"Población mexicano crecer último vez 2051 . luego año nacimiento llegado migrante país no compensar defunción salida residente , acuerdo proyección Comisión Económica América Latina Caribe ( Cepal ) .",Economy,https://www.jornada.com.mx/2024/03/06/economia/016n1eco?partner=rss,6/3/2024
La Jornada,Abrumador déficit anual 360 mil mdd medida equidad : ONU,"Principal obstáculo lograr igualdad género 2030 ser "" alarmante falta financiamiento "" , existir "" abrumador déficit anual 360 mil millón dólar "" , medida global destinado alcanzar meta .",Economy,https://www.jornada.com.mx/2024/03/06/economia/017n2eco?partner=rss,6/3/2024
La Jornada,"Década , América Móvil reducir sólo 10 punto participación mantener dominio","Década declarar América Móvil agente preponderante , participación mercado haber reducir alrededor 10 punto porcentual , compañía sector seguir poder competir , reportar consultora mexicano The Competitive Intelligence Unit ( The CIU ) .",Economy,https://www.jornada.com.mx/2024/03/06/economia/019n3eco?partner=rss,6/3/2024
La Jornada,Carlos Fernández-Vega : México SA,"Mafioso Alonso Ancira ser muestra fiel consigna neoliberal ( "" capital privado ser mejor administrador sector público "" ) resultar totalmente ... falso , sobrar ejemplo sustentar ( Fobaproa , rescate carretero , azucarero , Mexicana Aviación , Aeroméxico , larguísimo etcétera ) , caso concreto personaje haber dar premio quebrar , no menos dos ocasión , paraestatal , 1991 precio ridículo ( ser realmente pagar ) , graciosamente entregar amigo –así presumir – Carlos Salinas Gortari .",Economy,https://www.jornada.com.mx/2024/03/06/opinion/018o1eco?partner=rss,6/3/2024
La Jornada,Marca récord bitcóin,"Londres . bitcóin alcanzar máximo histórico martes , impulsado inversor inyectar dinero criptoproducto cotizado contado Estados Unidos perspectiva tasa interés mundial poder bajar . mayor criptomoneda mundo alcanzar máximo 69 mil 202 dólar , superar récord histórico 68 mil 999.99 dólar noviembre 2021 .",Economy,https://www.jornada.com.mx/2024/03/06/economia/016n3eco?partner=rss,6/3/2024
La Jornada,Persistir mayor exclusión mujer mercado laboral,"Pese mujer generar riqueza ser elemento indispensable aumentar competitividad país , principal problema exclusión mercado laboral estar relacionado factor asociado estereotipo papel tradicional género .",Economy,https://www.jornada.com.mx/2024/03/06/economia/017n1eco?partner=rss,6/3/2024
La Jornada,"México , mayor comprador grano EU ; desplazar China","Luego realizar importación agroalimentario récord , 2023 México convertir principal comprador grano Estados Unidos mandar China segundo posición , revelar información Departamento Agricultura Estados Unidos ( USDA , sigla inglés ) .",Economy,https://www.jornada.com.mx/2024/03/06/economia/019n1eco?partner=rss,6/3/2024
La Jornada,Mantener peso abajo 17 dólar,Peso lograr sostener debajo línea 17 dólar spot – mejor nivel inicio 2024 – segundo jornada consecutivo .,Economy,https://www.jornada.com.mx/2024/03/06/economia/016n2eco?partner=rss,6/3/2024
La Jornada,"Desigualdad cambio climático , advertir FAO",,Economy,https://www.jornada.com.mx/2024/03/06/economia/017n4eco?partner=rss,6/3/2024
La Jornada,Política fiscal requerir perspectiva género,"Falta perspectiva género diseño política fiscal fortalecer desigualdad hombre mujer América Latina , afirmar especialista organización Fundar .",Economy,https://www.jornada.com.mx/2024/03/06/economia/017n3eco?partner=rss,6/3/2024
La Jornada,Bdem disminuir tasa referencia mes : encuesta Citibanamex,"Analistas sector financiero consultado Citibanamex esperar mes Banco México ( BdeM ) hacer recorte cuarto punto porcentual tasa referencia , instrumento marcar costo financiar empresa familia , actualmente encontrar 11.25 ciento .",Economy,https://www.jornada.com.mx/2024/03/06/economia/018n1eco?partner=rss,6/3/2024
La Jornada,Desconectar Cuba 74/100 alumbrado público falta combustible,"Habana . Cuba apagar casi tres cuarto parte alumbrado público hora mayor consumo hacer frente creciente escasez energía , reportar martes medio estatal , crisis económico ser vez más profundo isla .",Economy,https://www.jornada.com.mx/2024/03/06/economia/018n2eco?partner=rss,6/3/2024
La Jornada,Homínido Pleistoceno tener técnica complejo planificación elaborar herramienta,"Madrid . homínido organización fabricar herramienta piedra ocupar este Asia hacer 1.1 millón año , 300 mil antes hacha mano más antiguo hallado región .",Science and technology,https://www.jornada.com.mx/2024/03/06/ciencias/a06n2cie?partner=rss,6/3/2024
La Jornada,Gradúar 10 astronauta EU ; ser elegible ir Luna Marte,"Houston . luego dos año riguroso entrenamiento , 10 estadunidense convertir forma oficial astronauta martes ahora ser elegible misión NASA Estación Espacial Internacional ( EEI ) , Luna , ir bien , Marte .",Science and technology,https://www.jornada.com.mx/2024/03/06/ciencias/a06n3cie?partner=rss,6/3/2024
La Jornada,"Célula líquido amniótico , científico crear miniórgano","Washington . Científicos crear miniórgano partir célula flotar líquido rodear feto útero , avance considerar poder abrir nuevo área medicina prenatal .",Science and technology,https://www.jornada.com.mx/2024/03/06/ciencias/a06n1cie?partner=rss,6/3/2024
La Jornada,Presentar Javier Valdez : Bato FIL Minería,"Legado periodístico literario Javier Valdez seguir vigente año ser obligar lectura texto México bárbaro incendiado , sostener Griselda Triana , compañera vida corresponsal Jornada asesinado mayo 2017 .",Culture,https://www.jornada.com.mx/2024/03/06/cultura/a04n2cul?partner=rss,6/3/2024
La Jornada,Agosto ver ( extracto ),"Primero tres año ser puntual día , noche cama mañana baño , tregua sagrado regla parto . ambos ver tiempo amenaza rutina , poner acuerdo decidir sumar amor grano aventura . época soler ir motel lance , tanto más refinado malo muerte , noche hotel ser asaltar mano armado dejar puro cuero . ser inspiración tanto imprevista acostumbrar llevar preservativo cartera evitar sorpresa . descubrir azar marca llevar impreso anuncio publicidad : Next Time Buy Lutecian . así ser inaugurar largo época amor llevar premio frase feliz , chiste procaz sentencia Séneca .",Culture,https://www.jornada.com.mx/2024/03/06/cultura/a03n3cul?partner=rss,6/3/2024
La Jornada,"Restaurar Victoria , antiguo maderería transformar Casa Libro Monterrey","Monterrey , NL. , emblemático edificio albergar maderería Victoria , construido 1945 dentro tendencia arquitectónico art decó tardío , empezar ser restaurado ser convertir Casa Libro Monterrey , 60 año abandono .",Culture,https://www.jornada.com.mx/2024/03/06/cultura/a05n2cul?partner=rss,6/3/2024
La Jornada,"Diccionario rendir homenaje Moliner , BC","Tijuana , BC. , Compañía Nacional Teatro llegar pasado fin semana Tijuana – parte descentralización – Diccionario , primero actriz Luisa Huertas dar vida María Moliner ; Daniel Giménez Cacho , gancho abarrotar Centro Cultural Tijuana ( Cecut ) charla "" profesión actor "" puesta escena ¡ violencia ! , coproducción Centro Cultural Helénico .",Culture,https://www.jornada.com.mx/2024/03/06/cultura/a05n1cul?partner=rss,6/3/2024
La Jornada,Morir fotógrafo catalán Ramón Masats,,Culture,https://www.jornada.com.mx/2024/03/06/cultura/a04n3cul?partner=rss,6/3/2024
La Jornada,Arquitecto Riken Yamamoto ganar premio Pritzker,"Nueva York . japonés Riken Yamamoto ganar premio Pritzker 2024 , considerado Nobel arquitectura , informar organización responsable distinción comunicado elogiar "" estilo tranquilizador "" .",Culture,https://www.jornada.com.mx/2024/03/06/cultura/a04n1cul?partner=rss,6/3/2024
La Jornada,""" escribir poesía equivaler explorar alma , implicar ""","Poeta indígena Margarita León ( Santiago Anaya , Hidalgo , 1982 ) sufrir experiencia aterrador ser niña : muerte madre parto décimo hijo . Margarita , entonces 9 año , querer recitar poema rendir homenaje festival Día Madres , enmudecer frente asistente .",Culture,https://www.jornada.com.mx/2024/03/06/cultura/a02n1cul?partner=rss,6/3/2024
La Jornada,Ricardo Yáñez : Isocronías,""" rodilla , rosal "" , aconsejar padre podar texto hija adolescente , ya madre abuela platicar . "" rodilla "" , entender , ser rosal , cosa equivocado : ser deber ser jardinero . suena cruel , ser , más , práctico . rosal , rosal , decir , florecer así mucho mejor . anécdota , Monterrey .",Culture,https://www.jornada.com.mx/2024/03/06/opinion/a04o1cul?partner=rss,6/3/2024
La Jornada,"Estar disponible , volver segundo libro más vender","Lanzamiento novela póstumo Gabriel García Márquez ( 1927- 2014 ) , agosto ver , llegar hoy librería concordancia cumpleaños autor colombiano , haber convertir fenómeno venta : Amazon colocar segundo libro más vender México .",Culture,https://www.jornada.com.mx/2024/03/06/cultura/a03n2cul?partner=rss,6/3/2024
La Jornada,Distribuir 300 mil ejemplar mundo obra póstumo Gabo,"Madrid . multitudinario rueda prensa Instituto Cervantes Madrid , acudir 50 periodista más 180 seguir transmisión Internet , hijo Gabriel García Márquez rememorar último día padre , dictar fiel secretaria , Monica Alonso , corrección postrer obra literario , dejar inconcluso disperso cinco manuscrito .",Culture,https://www.jornada.com.mx/2024/03/06/cultura/a03n1cul?partner=rss,6/3/2024
Expansión,Mujeres necesitar ahorro 80/100 mayor hombre igualar ingreso retiro,"Tener buen ingreso retiro ser gran desafío generación más joven ; embargo , mujer ser aún más , debido dificultad adicional enfrentar .",Economy,https://expansion.mx/economia/2024/03/06/mujeres-necesitan-ahorro-80-mayor-que-hombres-para-retiro,6/3/2024
Expansión,"Fintech adquirir mercado , reto estar rentabilidad : Fitch",Fitch advertir institución Sofipos fintech tener capacidad financiamiento menos diversificado .,Economy,https://expansion.mx/economia/2024/03/06/fintech-adquieren-mercado-el-reto-sera-rentabilidad-fitch,6/3/2024
Expansión,¿ ganar Puebla ? ser sueldo promedio,"Conocer ser salario promedio Puebla nivel calidad vida considerar aspecto industria , actividad , movilidad empleo .",Economy,https://expansion.mx/economia/2024/03/06/cuanto-se-gana-en-puebla-sueldo-promedio,6/3/2024
Expansión,"Avances inflación EU "" no estar asegurado "" , señalar Jerome Powell",""" economía evolucionar general esperar , seguramente ser apropiado comenzar flexibilizar política ( monetario ) punto año "" , asegurar presidente Reserva Federal .",Economy,https://expansion.mx/economia/2024/03/06/avances-contra-inflacion-eu-no-estan-asegurados-fed,6/3/2024
Expansión,Confianza consumidor estancar febrero,"Consumidor mexicano percibir mejora condición económico hogar país , mejorar disposición consumo durable . disminuir confianza futuro cercano .",Economy,https://expansion.mx/economia/2024/03/06/se-estanca-confianza-del-consumidor-febrero-inegi,6/3/2024
Expansión,Buen malo austeridad republicano prometer Sheinbaum,"Ganar ganar , reto estar analizar presupuesto público gastar concepto redituable economía , además generar más ingreso considerar reforma tributario .",Economy,https://expansion.mx/economia/2024/03/06/bueno-y-malo-de-austeridad-republicana-claudia-sheinbaum,6/3/2024
Expansión,"Matías Nuñez ser CEO Openbank , banco digital Santander","Banco dar conocer Nuñez , también ser parte Consejo Administración Getnet , ser líder unidad digital salir año .",Economy,https://expansion.mx/economia/2024/03/05/matias-nunez-ceo-openbank,6/3/2024
Expansión,"Openai responder demanda Musk : "" querer control empresa """,Fundador empresa señalar multimillonario buscar OpenAI fusionar Tesla partir ahí convertir director ejecutivo .,Science and technology,https://expansion.mx/tecnologia/2024/03/06/openai-responde-demanda-elon-musk,6/3/2024
Expansión,Tinder Latam Sensei Media lanzar pódcast México : ¡ haz Match !,Actriz presentadora Ana Sáenz unir proyecto conductora oficial ¡ haz Match ! charlar celebridad pareja historia Tinder .,Science and technology,https://expansion.mx/tecnologia/2024/03/06/tinder-latam-y-sensei-media-lanzan-podcast-en-mexico-haz-match,6/3/2024
Expansión,Airbnb señalar estancia Semana Santa descubrir nuevo destino,"Viajero nacional estar buscar destino menos turístico , donde idea ser explorar nuevo pueblito ciudad .",Science and technology,https://expansion.mx/tecnologia/2024/03/06/destinos-favoritos-mexico-segun-airbnb,6/3/2024
Expansión,Fujifilm querer revivir pasión fotografía más allá algoritmo,Empresa japonés abrir showroom Ciudad México objetivo mostrar categoría producto impulsar creación artístico .,Science and technology,https://expansion.mx/tecnologia/2024/03/06/fujifilm-mexico-abre-showroom-analogico-cdmx,6/3/2024
La Jornada,"Checo , triunfo Qiddiya",,Sports,https://www.jornada.com.mx/2024/03/07/deportes/a12n3dep?partner=rss,7/3/2024
La Jornada,"Final Copa Oro , jugadora EU enfrentar Brasil","Ángeles . anfitriono Estados Unidos derrotar ayer Canadá 3-1 tanda penal empatar 2-2 tiempo reglamentario , medir Brasil final primero edición Copa Oro futbol femenino .",Sports,https://www.jornada.com.mx/2024/03/07/deportes/a32n4dep?partner=rss,7/3/2024
La Jornada,Fiscalía pedir 4 año cárcel Ancelotti presunto fraude fiscal,"Madrid . Fiscalía español acusar técnico Real Madrid , Carlo Ancelotti , supuesto fraude fiscal decir utilizar empresa pantalla ocultar parte ingreso primero etapa club hacer más década .",Sports,https://www.jornada.com.mx/2024/03/07/deportes/a11n3dep?partner=rss,7/3/2024
La Jornada,Multar RFEF falta protocolo acoso Mundial femenil,"Barcelona . ministerio Trabajo España enviar acta infracción Real Federación Española Futbol ( RFEF ) falta protocolo acoso ex dirigente organismo deportivo Luis Rubiales dar beso no consensuado Jennifer Hermoso . además , sancionar junto Barcelona no tener plan igualdad , poder desembocar multa 7 mil 500 euro .",Sports,https://www.jornada.com.mx/2024/03/07/deportes/a11n2dep?partner=rss,7/3/2024
La Jornada,"Magic remontar vencer 119-109 Wizards , hacer 16 derrota","Washington . Franz Wagner anotar 28 punto , Paolo Banchero añadir 25 Magic Orlando remontar déficit 21 unidad segundo cuarto vencer miércoles 119-109 Wizards Washington , sufrir derrota 16 consecutivo .",Sports,https://www.jornada.com.mx/2024/03/07/deportes/a32n2dep?partner=rss,7/3/2024
La Jornada,Charros Jalisco ganar segundo juego Diablos Rojos femenil,Charros Jalisco vencer manera cardiaco Diablos Rojos femenil pizarra 11-10 ayer juego ir extrainning .,Sports,https://www.jornada.com.mx/2024/03/07/deportes/a32n3dep?partner=rss,7/3/2024
La Jornada,"Sorpresa , Real Madrid City avanzar Champions","París . sorpresa , Real Madrid Manchester City cumplir vuelta octavo final Liga Campeones Leipzig ( 1-1 ) Copenhague ( 3-1 ) , respectivamente , unir nombre París Saint-Germain Bayern Múnich cuarto final , momento , figurar grande escuadra futbol europeo .",Sports,https://www.jornada.com.mx/2024/03/07/deportes/a11n1dep?partner=rss,7/3/2024
La Jornada,Futbolista cuerpo técnico abandonar Chihuahua FC,"Chihuahua , Chih. , jugador cuerpo técnico Chihuahua Futbol Club anunciar continuidad equipo Liga Premier Mx ser "" insostenible "" . abandonar plantel regresar lugar origen , derivado dueño franquicia , Carlos Lazo Reyes , permanecer prófu-go justicia presunto fraude más mil millón peso realizar través empresa apuesta deportivo Yox Holding .",Sports,https://www.jornada.com.mx/2024/03/07/deportes/a12n1dep?partner=rss,7/3/2024
La Jornada,"México , segundo país más seguir Supertazón 24.1 millón televidente","24.1 millón televidente , México convertir país mayor seguimiento Supertazón 58 después Estados Unidos ; incremento importante tomar cuenta 2023 audiencia ser 20.7 millón .",Sports,https://www.jornada.com.mx/2024/03/07/deportes/a12n2dep?partner=rss,7/3/2024
La Jornada,"América , pie cuarto final Concachampions","América poner pie cuarto final Copa Campeones Concacaf golear 3-0 Chivas , quedar jugador menos mayor parte segundo tiempo miércoles partido ida octavo final , disputado estadio Akron .",Sports,https://www.jornada.com.mx/2024/03/07/deportes/a32n1dep?partner=rss,7/3/2024
La Jornada,Fin sueño : tricolor quedar paso final perder 3-0 Brasil,"Haber esperanza , apagar 10 minuto . selección femenil mexicano futbol vislumbrar éxito caer ayer 3-0 Brasil desplegar potencial miramiento alcanzar final Copa Oro W. expulsión error zaga sentenciar tricolor , perder invicto Pedro López después 23 juego .",Sports,https://www.jornada.com.mx/2024/03/07/deportes/a10n1dep?partner=rss,7/3/2024
La Jornada,Esperar empatía diputado ley sueldo base : Monroy,"Noemí Monroy , abogada especializado asunto deportivo promotora iniciativa establecer salario base deporte profesional , indicar esperar igual empatía respaldo parte diputado ser votar cambio profundo proyecto decretar ley tiempo aproximado dos mes , evitar retraso elección .",Sports,https://www.jornada.com.mx/2024/03/07/deportes/a10n2dep?partner=rss,7/3/2024
La Jornada,Oro romper barrera 2 mil dólar,,Economy,https://www.jornada.com.mx/2024/03/07/economia/021n3eco?partner=rss,7/3/2024
La Jornada,Confianza consumidor lograr quinto mejor registro 2 década : Inegi,"Febrero , preámbulo campaña electoral , Indicador Confianza Consumidor ( ICC ) ubicar 47.01 punto , quinto mejor registro iniciar serie hacer más dos década . dato representar ligero baja respecto enero , cuando medición dar resultado 47.05 punto ; comparativo anual tener avance 2.4 punto , reportar Instituto Nacional Estadística Geografía ( Inegi ) .",Economy,https://www.jornada.com.mx/2024/03/07/economia/021n1eco?partner=rss,7/3/2024
La Jornada,Avanzar producción exportación auto,"Cuello botella registrar industria automotriz mexicano debido interrupción cadena suministro nivel mundial haber ir desfogar . febrero , producción aumentar 7.76 ciento tasa anual venta unidad extranjero repuntar 22.62 ciento , consignar Instituto Nacional Estadística Geografía ( Inegi ) .",Economy,https://www.jornada.com.mx/2024/03/07/economia/019n2eco?partner=rss,7/3/2024
La Jornada,Peso hacer cinco jornada ganancia frente dólar,"Pese desfase política monetario México Estados Unidos , hacer disminuir corto plazo diferencial tasa interés ambos economía , México seguir ser atractivo inversionista internacional , ahí fortaleza moneda nacional , estar mejor nivel inicio año .",Economy,https://www.jornada.com.mx/2024/03/07/economia/021n2eco?partner=rss,7/3/2024
La Jornada,Contribuir migrante aumento inversión exportación : OIM,"Migrante ser catalizador economía , acción contribuir aumento exportación , inversión extranjero directo ( IED ) productividad , asegurar Violetta Kuzmova , titular área Desarrollo Sostenible Migración Organización Internacional Migraciones ( OIM ) .",Economy,https://www.jornada.com.mx/2024/03/07/economia/020n1eco?partner=rss,7/3/2024
La Jornada,Disciplina menos riesgo mujer inversionista,"Pese tener menos confianza hora elegir inversión , mujer soler superar rentabilidad cartera capital hombre , ya ser disciplinar , tener menos probabilidad cambiar perfil riesgo medio volatilidad , documentar arriesgar acuerdo objetivo , evidenciar UBS Women and Investing .",Economy,https://www.jornada.com.mx/2024/03/07/economia/017n2eco?partner=rss,7/3/2024
La Jornada,John Saxe-Fernández : guerra paz : advertencia lengua franco,"Presidente francés Emmanuel Macrón , decir desdecir , proponer conferencia apoyo Ucrania ( París , 26 /1/24 ) frente 27 líder ministro UE OTAN , enviar tropa terrestre campo batalla ucranio , sabiendas generar intensificación bélico , rechazo generalizado luego recular mantener hostilidad rusofóbico . enviar tropa zona conflicto ser provocación orden mayor Rusia .",Economy,https://www.jornada.com.mx/2024/03/07/economia/018a1eco?partner=rss,7/3/2024
La Jornada,"Fundamento , inquietud EU vehículo chino","Primero bimestre año , dos cada 10 auto vendido México ser importar China , señalar conferencia Cristina Vázquez , coordinadora Estudios Económicos Asociación Mexicana Distribuidores Automotores ( AMDA ) .",Economy,https://www.jornada.com.mx/2024/03/07/economia/019n3eco?partner=rss,7/3/2024
La Jornada,"Integración femenino mercado laboral mexicano , más bajo Latinoamérica","Participación mujer mercado laboral mexicano ser más bajo América Latina , hecho influenciado factor social cultural limitar incorporación actividad económico aunado falta política público , dar conocer Citibanamex .",Economy,https://www.jornada.com.mx/2024/03/07/economia/017n1eco?partner=rss,7/3/2024
La Jornada,Construcción 2 nuevo terminal recuperar AICM capacidad operativo,"Gobierno mexicano recuperar capacidad Aeropuerto Internacional Ciudad México ( AICM ) manera gradual haber realizar estudio implicar construcción dos nuevo terminal próximo 10 año atender demanda actual futuro instalación , contexto "" terminal 1 2 acercar final vida útil "" , informar Secretaría Infraestructura , Comunicaciones Transportes ( SICT ) .",Economy,https://www.jornada.com.mx/2024/03/07/economia/019n1eco?partner=rss,7/3/2024
La Jornada,Ingreso venta café caer 28/100 año,"Valor exportación café México caer 28 ciento 2023 comparación año previo , revelar dato oficial . anterior pesar contexto mayor cotización internacional afectación cosecha fenómeno climático adverso .",Economy,https://www.jornada.com.mx/2024/03/07/economia/019n4eco?partner=rss,7/3/2024
La Jornada,Persistir brecha género TIC,,Economy,https://www.jornada.com.mx/2024/03/07/economia/017n4eco?partner=rss,7/3/2024
La Jornada,Impuesto desigualdad,"Berlín . vez producto sólo diferenciar diseño tamaño envase , pensado público femenino masculino , ser alemán pagar más .",Economy,https://www.jornada.com.mx/2024/03/07/economia/017n3eco?partner=rss,7/3/2024
La Jornada,"Bono ultralargo plazo recorte impuesto , plan desarrollo chino","Pekín . objetivo crecimiento PIB China alrededor 5 ciento 2024 ser alcanzable "" arduo trabajo "" , afirmar miércoles Zheng Shanjie , director Comisión Nacional Desarrollo Reforma , explicar principal acción gubernamental restablecer economía año .",Economy,https://www.jornada.com.mx/2024/03/07/economia/018n1eco?partner=rss,7/3/2024
La Jornada,Experto reducir previsión crecimiento Alemania,"Berlín . dos instituto investigación alemán recortar ayer previsión crecimiento 2024 , último golpe mayor economía zona euro .",Economy,https://www.jornada.com.mx/2024/03/07/economia/020n2eco?partner=rss,7/3/2024
La Jornada,""" eclipse ser herramienta dar naturaleza conocer mejor ""","Eclipse , más allá atraer atención niño adulto , dar lugar mito inspirar literato , "" ser herramienta proporcionar naturaleza conocer mejor "" , afirmar Luis Felipe Rodríguez Jorge . observación haber ampliar conocimiento movimiento cuerpo sistema solar , descubrir helio comprobar teoría relatividad , así Tierra rotar vez más lentamente .",Science and technology,https://www.jornada.com.mx/2024/03/07/ciencias/a06n1cie?partner=rss,7/3/2024
La Jornada,Diputados rendir tributo creador Macondo,"Aniversario 97 nacimiento escritor Gabriel García Márquez , Cámara Diputados recordar premio Nobel Literatura 1982 "" maestro literatura universal "" ponder "" genialidad contribución patrimonio cultural humanidad "" .",Culture,https://www.jornada.com.mx/2024/03/07/cultura/a04n2cul?partner=rss,7/3/2024
La Jornada,"Llegar Rusia "" buen historia ""","Moscú . novela póstumo Gabriel García Márquez , agosto ver , salir ayer luz Rusia , confirmar grupo editorial AST .",Culture,https://www.jornada.com.mx/2024/03/07/cultura/a03n3cul?partner=rss,7/3/2024
La Jornada,"Artista cubano colaborar fomentar muralismo San Salvador , Hidalgo","San Salvador , hgo. , parte actividad impulsar interés vecino comunidad indígena elaboración mural arte plástico , ser develar pasado mº marzo mural Hermanamiento raíz corazón América , localidad otomí Rodrigo , municipio San Salvador , Hidalgo .",Culture,https://www.jornada.com.mx/2024/03/07/cultura/a05n2cul?partner=rss,7/3/2024
La Jornada,"Explorar Tomás Pérez Vejo "" invención "" México","Historiador Tomás Pérez Vejo , libro nación doliente : Imágenes profanas historia sagrado ( Instituto Nacional Antropología Historia , 2024 ) , relatar partir siglo XIX dejar contar pintura México historia nacimiento , muerte resurrección Cristo narrar historia nacimiento , muerte resurrección nación mexicano .",Culture,https://www.jornada.com.mx/2024/03/07/cultura/a05n1cul?partner=rss,7/3/2024
La Jornada,José Cueli : Goya Palillo,"Cristina Hoyos , flamenco flamenquería catalán , magia magia , vistir futbolista equipo Barcelona , parte , , , Puma universitario . marco Camp Nou , no caber mosca más , vibrar instante aprisionar pase ritmo furia español futbolero tornado rumba flamenco , vibrante esconder amor pintor aragonés . ¡ Goya , goya !",Culture,https://www.jornada.com.mx/2024/03/07/cultura/a04a1cul?partner=rss,7/3/2024
La Jornada,Víctor Benítez definir máscara metáfora identidad,"Más artefacto ocultar rostro representar más , fotógrafo Víctor Benítez entender máscara concepto metáfora identidad , tema haber encaminar gran parte interés propuesta creativo .",Culture,https://www.jornada.com.mx/2024/03/07/cultura/a04n1cul?partner=rss,7/3/2024
La Jornada,"Organizar oaxaqueño primero Carnaval Indígena Costeño Santa Ana , California","Preservar cultura , "" parte ser dónde venir "" , así poner alto nombre México lugar origen , San Pedro Jicayán , ser razón migrante municipio zona costero Oaxaca , radicado Santa Ana , California , decidir organizar primero Carnaval Indígena Costeño ciudad Estados Unidos .",Culture,https://www.jornada.com.mx/2024/03/07/cultura/a02n1cul?partner=rss,7/3/2024
La Jornada,Continuar idilio mexicano Nobel colombiano,"Admiración escritor Gabriel García Márquez ( 1927-2014 ) continuar México . ayer , joven lector mostrar embebido Metro lectura emblemático novela amor tiempos cólera . preguntar conocer texto inédito agosto ver , expresar deseo obtener "" cuanto antes "" .",Culture,https://www.jornada.com.mx/2024/03/07/cultura/a03n2cul?partner=rss,7/3/2024
La Jornada,Lector español celebrar publicación agosto ver,"Madrid . "" tratar novela Gabriel García Márquez , más aún , libro inédito póstumo , haber expectativa . haber notar primero día salir venta . sólo primero hora haber vender más 100 ejemplar , margen gente haber estar preguntar último día novela "" , relatar responsable librería más importante Madrid , Central , mañana cambiar escaparate situar lugar privilegiado ejemplar agosto ver , publicar España editorial Random House , México Centroamérica hacer editorial Diana , Grupo Planeta .",Culture,https://www.jornada.com.mx/2024/03/07/cultura/a03n1cul?partner=rss,7/3/2024
Expansión,Citibanamex esperar continuidad económico siguiente sexenio,"Economista jefe Citi América Latina , Ernesto Revilla , destacar siguiente gobierno deber también dar prioridad finanzas Pemex .",Economy,https://expansion.mx/economia/2024/03/07/citibanamex-espera-continuidad-economica-en-el-siguiente-sexenio,7/3/2024
Expansión,Inversión extranjero directo poder superar 36.000 mdd 2024 : Hacienda,"Estar superar "" histórico "" cifra año anterior , decir Rogelio Ramírez O.",Economy,https://expansion.mx/economia/2024/03/07/inversion-extranjera-directa-podria-superar-los-36-000-mdd-en-2024-hacienda,7/3/2024
Expansión,"Trabajo mal pagado , ser desventaja mujer México","Jornada semanal trabajo hogar no remunerado ser más extenso mujer , promedio 32 hora , hombre ser solo 14 hora , decir Coneval .",Economy,https://expansion.mx/economia/2024/03/07/sin-trabajo-y-mal-pagadas-desventajas-de-mujeres-en-mexico,7/3/2024
Expansión,"Malo buen : pepino subir 30/100 , jitomate bajar casi 42/100 febrero","Pepino , gas LP cebolla ser producto más subir precio febrero , acuerdo Inegi .",Economy,https://expansion.mx/economia/2024/03/07/que-alimentos-subieron-bajaron-de-precio-2024,7/3/2024
Expansión,Nearshoring beneficiar ganancia cartera banca : Moody´s,"Agencia calificador destacar crecimiento empleo bajo costo operación modelo digital , necesidad relocalización , favorecer largo plazo banco .",Economy,https://expansion.mx/economia/2024/03/07/nearshoring-beneficiara-bancos-mexico-moodys,7/3/2024
Expansión,"Fed "" no estar lejos "" confianza necesario recortar tasa : Jerome Powell",""" creer estar lugar correcto "" , decir presidente Reserva Federal Comisión Banca Senado .",Economy,https://expansion.mx/economia/2024/03/07/fed-confianza-necesaria-para-recortar-tasas-jerome-powell,7/3/2024
Expansión,Registro patente disminuir 2023 primero vez 14 año : ONU,Incertidumbre económico alza tasa interés estar considerar principal razón declive .,Economy,https://expansion.mx/economia/2024/03/07/registro-de-patentes-disminuyo-en-2023-tras-14-anos-onu,7/3/2024
Expansión,Exportación chino crecer fuerza enero febrero 2024,Comercio exterior haber ser factor clave crecimiento económico China último década haber generar gran cantidad empleo sector manufacturero .,Economy,https://expansion.mx/economia/2024/03/07/exportaciones-chinas-crecen-en-enero-y-febrero-2024,7/3/2024
Expansión,Compromiso Citigroup México ser inquebrantable : Jane Fraser,"Ceo Citigroup destacar , pesar hacer división banco Banamex Citi México , confiar liderazgo reconfiguración cadena suministro .",Economy,https://expansion.mx/economia/2024/03/07/jane-fraser-citigroup-destaca-compromiso-mexico,7/3/2024
Expansión,"Mujer invertir mejor hombre , recibir menos pensión","Brecha salarial tarea cuidado perjudicar retiro mujer , advertir grupo financiero suizo UBS .",Economy,https://expansion.mx/economia/2024/03/07/eres-mujer-podrias-recibir-menos-pension-que-hombres,7/3/2024
Expansión,Déficit comercial Estados Unidos profundizar enero,"Saldo rojo comercio bien servicio resto mundo alcanzar 67.400 millón dólar primero mes año , aumento 5.1/100 respecto diciembre pasado .",Economy,https://expansion.mx/economia/2024/03/07/deficit-comercial-de-estados-unidos-se-profundiza-en-enero,7/3/2024
Expansión,Inflación desaceler más esperado febrero,Inflación subyacente también mostrar incremento más lento observado último mes . gas LP gasolina sufrir mayor aumento precio mes pasado .,Economy,https://expansion.mx/economia/2024/03/07/inflacion-febrero-2024-desacelera-inegi,7/3/2024
Expansión,"Nearshoring , nuevo inversión desinflar México","Acuerdo cifra oficial , año pasado ingresar 4,817 mdd nuevo inversión , cifra apenas representar 13/100 total IED ; 2022 flujo ser equivalente 50/100 .",Economy,https://expansion.mx/economia/2024/03/07/con-todo-y-nearshoring-las-nuevas-inversiones-se-desinflan-en-mexico,7/3/2024
Expansión,"México , espera EU demostrar seguridad consumo maíz transgénico","Medio disputa comercio grano , subsecretario Agricultura mexicano decir haber ciencia probar herbicida glifosato ser dañino salud humano .",Economy,https://expansion.mx/economia/2024/03/06/eu-mexico-conflicto-maiz-transgenico-tmec,7/3/2024
Expansión,Ley Mercados Digitales entrar vigor UE,Normativa tener objeto garantizar grande tecnológico comportar manera equitativo línea .,Science and technology,https://expansion.mx/tecnologia/2024/03/07/ley-de-mercados-digitales-entra-vigor-union-europea,7/3/2024
Expansión,"Computadora dos pantalla , nuevo tendencia querer tener","Ser tendencia empresa estar impulsar , vez haber más opción mercado usuario conocer .",Science and technology,https://expansion.mx/tecnologia/2024/03/07/laptops-doble-pantalla-seran-nueva-tendencia-computadoras,7/3/2024
